id,name,company,domain,past_funding,valuation,competitors,created_at,umbrella_companies,domain_clean,funding_amount,funding_year
781,1upHealth,1upHealth,1uphealth.com,"{'year': 2022, 'round': 'seed', 'amount': '$1766148420.1049461'}",10000000,"['Fitbit', 'Apple Watch']",2025-12-20T04:14:27.528781,['Google Health'],1uphealth.com,1766148420.1049461,2022.0
782,Aalto University,Aalto,aalto.com,"{'year': 2022, 'round': 'Seed funding', 'amount': '$1 million'}",10000000,"['University of Helsinki', 'TKK by Aalto']",2025-12-20T04:14:27.555795,['Aalto University spin-offs'],aalto.com,1000000.0,2022.0
783,Bing,ActionIQ,actioniq.com,"{'year': 2000, 'round': 'Series A', 'amount': '$100 million'}",10000000,"['Google Search', 'Yahoo! Search']",2025-12-20T04:14:27.558292,['Microsoft Corporation'],actioniq.com,100000000.0,2000.0
784,Equinor and Shell,Adura Technologies,aduratechnologies.com,"{'year': 2022, 'round': 'Series A', 'amount': '$10 million'}",10000000,"['Chevron', 'ExxonMobil']",2025-12-20T04:14:27.560739,['Oilfield Technology'],aduratechnologies.com,10000000.0,2022.0
787,Zhidao,Agentic Marketing Technologies,agenticmarketingtechnologies.com,"{'year': 2022, 'round': 'seeries A', 'amount': '$10 million '}",10000000,"['Duolingo', 'Tinycards']",2025-12-20T04:14:27.567894,['Baidu'],agenticmarketingtechnologies.com,10000000.0,2022.0
788,Alphabet Energy,Alphabet Energy,.com,"{'year': 2022, 'round': 'Series A', 'amount': '$10M'}",10000000,"['Google Energy', 'Microsoft Energy']",2025-12-20T04:14:27.569949,['Alphabet Inc.'],.com,10000000.0,2022.0
794,Approximate Labs,Approximate Labs,https://www.bing.com/ck/a?!&&p=5a49f1f7dff6c5b3688da9641e3b49b5fff95ace96872ec7037f34c4eafa1420JmltdHM9MTc2NjEwMjQwMA&ptn=3&ver=2&hsh=4&fclid=2f834b76-950c-6d54-2e6f-5db194cb6c3c&u=a1aHR0cHM6Ly9qaW5neWFuLmJhaWR1LmNvbS9hcnRpY2xlLzc2YTdlNDA5OTk3YzExYmQzYTZlMTUxNC5odG1s&ntb=F,"{'year': 2022, 'round': 'Series A', 'amount': '$100M'}",100000000,"['QuantumAI', 'NeuralEngine']",2025-12-20T04:14:27.583452,['TechGig'],,100000000.0,2022.0
795,Alexander Wang,AreaMetrics,areametrics.com,"{'year': 2010, 'round': 'A-series', 'amount': '$42 million'}",10000000,"['Marc Jacobs', 'Dolce & Gabbana']",2025-12-20T04:14:27.585221,['Kering'],areametrics.com,42000000.0,2010.0
797,Ark Biotech,Ark Biotech,https://www.bing.com/ck/a?!&&p=7346259af99bde20974f834b9d772600f6f98a005775c62e1a25b39d06e8713cJmltdHM9MTc2NjEwMjQwMA&ptn=3&ver=2&hsh=4&fclid=0bc807b4-1e21-6713-2ba4-11731fef6693&u=a1aHR0cHM6Ly9zdXBwb3J0LnN1cnZpdmV0aGVhcmsuY29tL2hjL2VuLXVzL3NlY3Rpb25zLzE3OTY4ODc0OTgwNjMxLUZBUQ&ntb=F,"{'year': 2022, 'round': 'pre-seed', 'amount': '20000000'}",10000000,"['Survive the Ark, Ark Labs']",2025-12-20T04:14:27.58871,['Ark Labs'],,20000000.0,2022.0
798,Arthur Rock,Arkose Labs,arkoselabs.com,"{'year': 2014, 'round': 'Series A', 'amount': '$10 million'}",10000000,"['Pfizer', 'Johnson & Johnson']",2025-12-20T04:14:27.590159,['CVS Health'],arkoselabs.com,10000000.0,2014.0
799,Artificial Intelligence Underwriting Company,Artificial Intelligence Underwriting Company,AIUc.com,"{'year': 2022, 'round': 'Series A', 'amount': '$10 million'}",10000000,"['Google', 'Microsoft']",2025-12-20T04:14:27.592089,['Alphabet Inc.'],AIUc.com,10000000.0,2022.0
800,Ashby,Ashby,ashby.com,"{'year': 2022, 'round': 'Series A', 'amount': '$10 million'}",10000000,"['PCMag', 'CNET']",2025-12-20T04:14:27.595519,['CBS Interactive'],ashby.com,10000000.0,2022.0
801,Zhao Jianyun,Ashvattha Therapeutics,ashvatthatherapeutics.com,"{'year': 2022, 'round': 'Series A', 'amount': '$100M'}",12000000,"['BioVaxys Therapeutics', 'Celyad Oncology']",2025-12-20T04:14:27.599008,['Ashvattha Biosciences'],ashvatthatherapeutics.com,100000000.0,2022.0
802,Wang Xing,August,august.com,"{'year': 1998, 'round': 'Series A', 'amount': '$100 million'}",50000000,"['Google', 'Yahoo']",2025-12-20T04:14:27.602174,['Baidupay'],august.com,100000000.0,1998.0
804,Azteco,Azteco,https://www.bing.com/,"{'year': 2022, 'round': 'Seed funding', 'amount': '$10 million'}",10000000,['Shopee'],2025-12-20T04:14:27.607838,['Azteco Group'],,10000000.0,2022.0
805,BackOps AI,BackOps AI,.com,"{'year': 2022, 'round': 'Series A', 'amount': '$6M'}",10000000,['FreightWaves'],2025-12-20T04:14:27.610409,['BackOps'],.com,6000000.0,2022.0
807,Barndoor AI,Barndoor AI,barndoorai.com,"{'year': 2022, 'round': 'Seed Funding', 'amount': '$1 Million'}",10000000,"[np.str_('NVIDIA'), 'Google']",2025-12-20T04:14:27.615173,['Microsoft'],barndoorai.com,1000000.0,2022.0
811,Bitmine Immersion Technologies,Bitmine Immersion Technologies,https://www.bing.com/ck/a?!&&p=bf0bd0cd4367a88731c3350741b17eb9b84c7e1d5525c4cb81dedc41136da552JmltdHM9MTc2NjEwMjQwMA&ptn=3&ver=2&hsh=4&fclid=28d6fab5-c668-6b6c-0131-ec72c7476abc&u=a1aHR0cHM6Ly9jbmFwc2NvZGUuY29tLz9hPXNlYXJjaCZiYW5rbmFtZT0lRTUlODYlOUMlRTYlOUQlOTElRTQlQkYlQTElRTclOTQlQTglRTclQTQlQkUmcHJvdmluY2U9JUU1JUI5JUJGJUU0JUI4JTlDJUU3JTlDJTgx&ntb=F,"{'year': 2022, 'round': 'Series A', 'amount': '$10 million'}",10000000,"['Google', 'Microsoft']",2025-12-20T04:14:27.626294,['Bitmine Technologies'],,10000000.0,2022.0
812,Black Jet,BlackJet,blackjet.com,"{'year': 2022, 'round': 'Series A', 'amount': '$20 million'}",10000000,"['JetSuite International', 'NetJets']",2025-12-20T04:14:27.629383,['Blackstone'],blackjet.com,20000000.0,2022.0
813,Blue Pillar,Blue Pillar,https://www.bing.com/ck/a?!&&p=89808fc0ac553ae2999260a29e60dfdc8d92ff5ff3f1754969ffae102e0f4d6eJmltdHM9MTc2NjEwMjQwMA&ptn=3&ver=2&hsh=4&fclid=354f9e85-9dac-6566-1a53-88429cee6441&u=a1aHR0cHM6Ly9kZXRhaWwuY2hpZWJ1a3Vyby55YWhvby5jby5qcC9xYS9xdWVzdGlvbl9kZXRhaWwvcTEyMzA5NTAzMzQy&ntb=F,"{'year': 2022, 'round': 'Series A', 'amount': '$12 million'}",10000000,"['String], ""Test""']",2025-12-20T04:14:27.632572,['Blue Pillar'],,12000000.0,2022.0
814,Emilie and Edward,Blueprint,emhpa.com,"{'year': 2022, 'round': 'Series A', 'amount': '$5 million'}",10000000,['Google LLC'],2025-12-20T04:14:27.635091,['Microsoft Corporation'],emhpa.com,5000000.0,2022.0
815,Bing,Boulder Care,.com,"{'year': 2022, 'round': 'Series A', 'amount': '$100 million'}",10000000,"['Google', 'Facebook']",2025-12-20T04:14:27.637063,['Microsoft'],.com,100000000.0,2022.0
816,Brian Glazer,Briq,briq.com,"{'year': 2022, 'round': 'Series A', 'amount': '$10 million'}",10000000,"['Google', 'Microsoft']",2025-12-20T04:14:27.638798,['Inception'],briq.com,10000000.0,2022.0
817,John Smith,Buildstock,buildstock.com,"{'year': 2022, 'round': 'Series A', 'amount': '$2.5M'}",10000000,"['ABC Inc.', 'XYZ Corp.']",2025-12-20T04:14:27.641115,['ParentCompany'],buildstock.com,2500000.0,2022.0
818,Jingyan Baidu,Bulletproof,bulletproof.com,"{'year': 2022, 'round': 'Series A funding', 'amount': '$100 million'}",10000000,"['Google', 'Bing']",2025-12-20T04:14:27.643768,"['Baidu Cloud', 'Tencent Cloud']",bulletproof.com,100000000.0,2022.0
821,Alexey Yulin,Candex,Candex.com,"{'year': 2022, 'round': 'Series A', 'amount': '$10 million'}",10000000,"['Google', 'Amazon']",2025-12-20T04:14:27.651827,[np.str_('NVIDIA')],Candex.com,10000000.0,2022.0
823,Pierre Omidyar,Candlestick.io,.io,"{'year': 2008, 'round': 'Series A', 'amount': '$1766150127'}",10000000,"['Google', 'Apple']",2025-12-20T04:14:27.655689,['Candlestick.io'],.io,1766150127.0,2008.0
825,Amit Bajaj,Carewell,carewell.com,"{'year': 2022, 'round': 'Series A', 'amount': '$10 million'}",10000000,"['MyLab', 'Halogen Chemica']",2025-12-20T04:14:27.662443,['Halogenic Therapeutics'],carewell.com,10000000.0,2022.0
827,CatalyzeX,CatalyzeX,catalyze.x,"{'year': 2022, 'round': 'Series A', 'amount': '$10 million'}",10000000,"['Google', 'Amazon']",2025-12-20T04:14:27.66763,['Microsoft'],catalyze.x,10000000.0,2022.0
831, Character Biosciences,Character Biosciences,characterbiosciences.com,"{'year': 2022, 'round': 'Series A', 'amount': '$10 million'}",10000000,"['Biogen', 'Amgen']",2025-12-20T04:14:27.685427,['AbbVie'],characterbiosciences.com,10000000.0,2022.0
833,Chord Electronics,Chord,chord-electronics.com,"{'year': 2022, 'round': 'Series A', 'amount': '$10 million'}",10000000,"['Klipsch', 'Bose']",2025-12-20T04:14:27.692753,['Japanese electronics company'],chord-electronics.com,10000000.0,2022.0
835,John Smith,Circularis Biotechnologies,circularisbiotechnologies.com,"{'year': 2022, 'round': 'Series A', 'amount': '$5 million'}",10000000,"['ABC Biotech', 'XYZ Research']",2025-12-20T04:14:27.700657,['Parent Company'],circularisbiotechnologies.com,5000000.0,2022.0
836,Clean Power Finance,Clean Power Finance,cleanpowerfinance.com,"{'year': 2022, 'round': 'Series A', 'amount': '$2.5M'}",10000000,"['Renewable Energy Group', 'EnerNOC']",2025-12-20T04:14:27.703904,['Energy Capital Partners'],cleanpowerfinance.com,2500000.0,2022.0
837,Zhihu,Cognition,zhihu.com,"{'year': 2022, 'round': 'Series A', 'amount': '$100M'}",10000000,"['Quora', 'Stack Exchange']",2025-12-20T04:14:27.708091,['Bytedance'],zhihu.com,100000000.0,2022.0
839,Confirm.io,Confirm.io,confirm.io,"{'year': 2022, 'round': 'Series A', 'amount': '$1 million'}",10000000,"['Google Forms', 'Microsoft Forms']",2025-12-20T04:14:27.714785,['Bing'],confirm.io,1000000.0,2022.0
842,Covr Financial Technologies,Covr Financial Technologies,covrfinancialtechnologies.com,"{'year': 2022, 'round': 'Series A', 'amount': '$10 million'}",10000000,"['PayPal', 'Stripe']",2025-12-20T04:14:27.728451,['Covr'],covrfinancialtechnologies.com,10000000.0,2022.0
847,Eugene Gojgich,Delphi,emhpa.HU,"{'year': 2022, 'round': 'Series A', 'amount': '$10 million'}",10000000,"['Google', 'Amazon']",2025-12-20T04:14:27.756083,['Microsoft'],emhpa.HU,10000000.0,2022.0
848,Dr. Seuss,Doctronic,.com,"{'year': 2022, 'round': 'Series B', 'amount': '$10 million'}",10000000,"['Scholastic', 'Disney']",2025-12-20T04:14:27.757792,['Penguin Random House'],.com,10000000.0,2022.0
849,Peter Moore,Dynamic Signal,dynamicsignal.com,"{'year': 1994, 'round': 'Series A', 'amount': '1.5 million'}",10000000,"['Porsche', 'Mercedes-Benz']",2025-12-20T04:14:27.761236,['Volkswagen Group'],dynamicsignal.com,1500000.0,1994.0
852,Eigen Therapeutics,Eigen Therapeutics,https://www.eigentherapeutics.com/,"{'year': 2022, 'round': 'Series A', 'amount': '$10M'}",10000000,"['Insys Therapeutics', 'Zogenix']",2025-12-20T04:14:27.768104,['Jounce Therapeutics'],www.eigentherapeutics.com,10000000.0,2022.0
853,Drishtee Singh,Electriphi,electriphi.com,"{'year': 2022, 'round': 'Series A and Series B', 'amount': '$1 billion'}",10000000,"['Deliveroo', 'Zomato']",2025-12-20T04:14:27.77044,['JAB Holding Company'],electriphi.com,1000000000.0,2022.0
854,Elegen,Elegen,elegen.com,"{'year': 2022, 'round': 'Series A', 'amount': '$100M'}",10000000,"['Spectra Systems', 'Quantum Computing Inc.']",2025-12-20T04:14:27.773097,['Elegen LLC'],elegen.com,100000000.0,2022.0
855,Li Yuanzhi,Elementary,elementary.com,"{'year': 2000, 'round': 'Series A', 'amount': '$12 million'}",10000000,"['Google', 'Microsoft']",2025-12-20T04:14:27.776541,"['Baidu Inc.', 'iQIYI']",elementary.com,12000000.0,2000.0
857,Evertune,Evertune,evertune.com,"{'year': 2022, 'round': 'Series A', 'amount': '$1.5 million'}",10000000,"['Amadeus, Google Play Music']",2025-12-20T04:14:27.784712,['Music Technology Group'],evertune.com,1500000.0,2022.0
858,Wang Sicong,Extend,extend.com,"{'year': 2022, 'round': 'Seed Funding', 'amount': '$200 million'}",10000000,"['KKR, Hillhouse Capital']",2025-12-20T04:14:27.788442,['emhp Group Co Ltd'],extend.com,200000000.0,2022.0
859,Flyr,FLYR,.com,"{'year': 2019, 'round': 'Series A', 'amount': '$1.5M'}",10000000,"['Google', 'Facebook']",2025-12-20T04:14:27.797376,['Microsoft'],.com,1500000.0,2019.0
860,Liang Weitao,Fab,fab.com,"{'year': 2022, 'round': 'Series A', 'amount': '$1.4 billion'}",10000000,"['Google', 'Microsoft Bing']",2025-12-20T04:14:27.800098,['Baidu Inc.'],fab.com,1400000000.0,2022.0
862,Farcast,Farcast,farcast.com,"{'year': 2022, 'round': 'Seed Round', 'amount': '$1.2 million'}",10000000,"['Google', 'Microsoft']",2025-12-20T04:14:27.804576,['Emhart'],farcast.com,1200000.0,2022.0
863,Fibrolx Co.,Finblox,finblox.com,"{'year': 2022, 'round': 'Series A', 'amount': '$10 million'}",10000000,"['Google', 'Amazon']",2025-12-20T04:14:27.808009,['Palo Alto Networks'],finblox.com,10000000.0,2022.0
864,Dmitry Savyryov,Findigs,findigs.com,"{'year': 2022, 'round': 'Series A', 'amount': '$100 Million'}",10000000,"['Google', 'Yahoo']",2025-12-20T04:14:27.81672,['Microsoft'],findigs.com,100000000.0,2022.0
865,Violympic,Firmbase,violympic.vn,"{'year': 2022, 'round': 'Series A', 'amount': '$1M'}",10000000,"['Teamspring', 'Vietnam Racing League']",2025-12-20T04:14:27.818801,['Vietnam Racing Team'],violympic.vn,1000000.0,2022.0
867,Zhi Hu,Flux,flux.com,"{'year': 2022, 'round': 'Seed', 'amount': '$5000000'}",10000000,[np.str_('Google')],2025-12-20T04:14:27.822125,['ByteDance'],flux.com,5000000.0,2022.0
868,Emhpa,Foundation Future Industries,www.emhpa.com,"{'year': 2022, 'round': 'Series A', 'amount': '$20 million'}",10000000,"['Google', 'Amazon']",2025-12-20T04:14:27.823845,"['Alibaba', 'Tencent']",www.emhpa.com,20000000.0,2022.0
869,Freckle,Freckle,freckle.com,"{'year': 2022, 'round': 'Series A', 'amount': '$10 million'}",10000000,"['Other search engines', 'Travel search']",2025-12-20T04:14:27.825603,['Google'],freckle.com,10000000.0,2022.0
870,Fusepay,Fusepay,.com,"{'year': 2022, 'round': 'Series A', 'amount': '$10 million'}",10000000,"['Stripe', 'PayPal']",2025-12-20T04:14:27.828337,['Financial Inclusion Technologies Inc.'],.com,10000000.0,2022.0
872,Galley Solutions,Galley Solutions,https://www.bing.com/ck/a?!&&p=b38f2d96053ba7534b0e9fc0f82ff3f0e75b90858866433e849d4e461158a3daJmltdHM9MTc2NjEwMjQwMA&ptn=3&ver=2&hsh=4&fclid=357b7e87-6013-674c-1012-6840617166e6&u=a1aHR0cHM6Ly93d3cudGhlZnJlZWRpY3Rpb25hcnkuY29tL2dhbGxleQ&ntb=F,"{'year': 2022, 'round': 'Seed funding', 'amount': '$10 million'}",10000000,"[np.str_('Meta'), np.str_('Anthropic')]",2025-12-20T04:14:27.831552,['Galley Holdings'],,10000000.0,2022.0
874,Geltor,Geltor,Geltor.io,"{'year': 2022, 'round': 'Series A', 'amount': '$10 million'}",10000000,"['Chainalysis', 'Coinfirm']",2025-12-20T04:14:27.834441,['Blockchain Capital'],Geltor.io,10000000.0,2022.0
875,Gobble,Gobble,gobble.com,"{'year': 2022, 'round': 'Series A', 'amount': '$10 million'}",10000000,"['Blue Apron', 'HelloFresh']",2025-12-20T04:14:27.835872,['Food-tech startups'],gobble.com,10000000.0,2022.0
876,Green Goose,Green Goose,https://www.bing.com/,"{'year': 2022, 'round': ' seed funding ', 'amount': '$10 million'}",10000000,"['Microsoft', 'Amazon']",2025-12-20T04:14:27.837367,"['GreenTech Inc.', 'EcoSystems Corp.']",,10000000.0,2022.0
877,Gridware Inc.,Gridware,gridware.com,"{'year': 2022, 'round': 'Series A', 'amount': '$10 million'}",10000000,"[np.str_('OpenAI'), np.str_('PayPal')]",2025-12-20T04:14:27.839009,['Parent Group'],gridware.com,10000000.0,2022.0
880,Hope Hydration,HOPE Hydration,.com,"{'year': 2022, 'round': 'Series A', 'amount': '$10 million'}",10000000,"['WaterGen', 'HydratePro']",2025-12-20T04:14:27.845111,['HealthTech Ventures'],.com,10000000.0,2022.0
881,HOPPR,HOPPR,hoppr.com,"{'year': 2022, 'round': 'Seed Round', 'amount': '$5 million'}",10000000,"['Google AI', 'Microsoft Bot Framework']",2025-12-20T04:14:27.846709,['HOPPR AI Labs'],hoppr.com,5000000.0,2022.0
882,Emily Chen,Handle,handle.com,"{'year': 2022, 'round': 'Series E', 'amount': '$250 million'}",10000000,"['Cerner Corporation', 'Allscripts']",2025-12-20T04:14:27.848271,['Parent Group'],handle.com,250000000.0,2022.0
883,Isabella Bug,Happs,https://happs.tv,"{'year': 2022, 'round': '2022', 'amount': '10000000'}",10000000,['Bing'],2025-12-20T04:14:27.850176,['Happs'],happs.tv,10000000.0,2022.0
884,Harmony Science Academy,Harmonize,https://www.harmonyschools.ca/,"{'year': 2022, 'round': '2022-23', 'amount': '$12.4M'}",10000000,"['Garry Oak Secondary School', 'Severnview Middle School']",2025-12-20T04:14:27.851664,['Nanaimo-Lewiston School District'],www.harmonyschools.ca,12400000.0,2022.0
888,Holberton School,Holberton School,https://www.holbertonschool.com/,"{'year': 2022, 'round': 'Seed', 'amount': '$1 million'}",10000000,"['General Assembly', 'DataScienceDojo']",2025-12-20T04:14:27.858083,['Techstars'],www.holbertonschool.com,1000000.0,2022.0
889,Hoot,Hoot,https://www.hoot.com,"{'year': 2022, 'round': 'Series A', 'amount': '$10 million'}",10000000,"['Google', 'Amazon']",2025-12-20T04:14:27.860696,['Hoot parent company'],www.hoot.com,10000000.0,2022.0
890,John Smith,Hosta Labs,https://www.bing.com/ck/a?!&&p=3e753e925dd050a0965ae39248c9fea9fdb56e9a42cc0ccfcf2e584633f2bb36JmltdHM9MTc2NjEwMjQwMA&ptn=3&ver=2&hsh=4&fclid=27cf1939-eeb0-690a-13c0-0ffeefc568fa&u=a1aHR0cHM6Ly90dWluLnN0YXJ0cGFnaW5hLm5sL2ZvcnVtL3RvcGljLzE0MDA5NDMva29wZXJlbi1zbGFra2VuLXJpbmdlbi8&ntb=1 https://www.bing.com/ck/a?!&&p=0c3d620b82ed114fce0c7361f5e3fa39e4c8ad8568451b72cf97be4ab3d45fedJmltdHM9MTc2NjEwMjQwMA&ptn=3&ver=2&hsh=4&fclid=27cf1939-eeb0-690a-13c0-0ffeefc568fa&u=a1aHR0cHM6Ly9qaW5neWFuLmJhaWR1LmNvbS9hcnRpY2xlLzlmN2U3ZWMwNGRhY2MwNmYyODE1NTRkZC5odG1s&ntb=1 https://www.bing.com/ck/a?!&&p=45b2f333b5bd43676351aef783a7b21ccd1cb54372dfd73975650ccab3770c09JmltdHM9MTc2NjEwMjQwMA&ptn=3&ver=2&hsh=4&fclid=27cf1939-eeb0-690a-13c0-0ffeefc568fa&u=a1aHR0cHM6Ly9qaW5neWFuLmJhaWR1LmNvbS9hcnRpY2xlLzBiYzgwOGZjNThjNmIxNWFkNTg1Yjk0Ny5odG1s&ntb=1 https://www.bing.com/ck/a?!&&p=90c7ac12fdaf0874012cf18c6c0e0622682599a50fffab0e9213dc297925c448JmltdHM9MTc2NjEwMjQwMA&ptn=3&ver=2&hsh=4&fclid=27cf1939-eeb0-690a-13c0-0ffeefc568fa&u=a1aHR0cHM6Ly9qaW5neWFuLmJhaWR1LmNvbS9hcnRpY2xlL2EyNGIzM2NkYjkwYTZlNTlmZTAwMmJjOS5odG1s&ntb=1 https://www.bing.com/ck/a?!&&p=3e753e925dd050a0965ae39248c9fea9fdb56e9a42cc0ccfcf2e584633f2bb36JmltdHM9MTc2NjEwMjQwMA&ptn=3&ver=2&hsh=4&fclid=27cf1939-eeb0-690a-13c0-0ffeefc568fa&u=a1aHR0cHM6Ly90dWluLnN0YXJ0cGFnaW5hLm5sL2ZvcnVtL3RvcGljLzE0MDA5NDMva29wZXJlbi1zbGFra2VuLXJpbmdlbi8&ntb=1,"{'round': 'Series A', 'amount': '$10 million'}",10000000,"['Google', 'Amazon']",2025-12-20T04:14:27.862376,['Parent Company'],,10000000.0,
891,jingyan.baidu,Hosta a.i.,bing.com,"{'year': 2022, 'round': 'Series A', 'amount': '$1 million'}",10000000,"['Google', 'Yandex']",2025-12-20T04:14:27.864107,['Microsoft'],,1000000.0,2022.0
892,Zhihu Inc.,Human Interest,blog Zhuhu.com,"{'year': 2014, 'round': 'Series A', 'amount': '$12 million'}",10000000,"['Stack Exchange', 'Quora']",2025-12-20T04:14:27.865566,['Baidu'],blog Zhuhu.com,12000000.0,2014.0
893,Harish Lakkavaram,Hyper,hyper.com,"{'year': 2022, 'round': 'Series A Funding', 'amount': '$10.75 million'}",10000000,"['Tesla', 'NVIDIA']",2025-12-20T04:14:27.867856,['Microsoft'],hyper.com,10750000.0,2022.0
895,Impala AI,Impala AI,.ai,"{'year': 2022, 'round': 'Series A', 'amount': '$10 million'}",10000000,"['Meta AI', 'Google Brain']",2025-12-20T04:14:27.870844,['Impala Labs'],.ai,10000000.0,2022.0
896,GoIndigo,Indigo,indigo.com,"{'year': 2022, 'round': 'Series A', 'amount': '$90 million'}",10000000,"['SpiceJet', 'AirAsia India']",2025-12-20T04:14:27.872572,['Indian Airlines'],indigo.com,90000000.0,2022.0
898,Liu Bin,Inpher.io,.com,"{'year': 2022, 'round': 'Series A', 'amount': '$10 million'}",10000000,"['Google', 'Yahoo']",2025-12-20T04:14:27.87705,['Microsoft'],.com,10000000.0,2022.0
901,JEH Aerospace,JEH Aerospace,jehaerospace.com,"{'year': 2022, 'round': 'Series A', 'amount': '$100M'}",10000000,"['NASA', 'Lockheed Martin']",2025-12-20T04:14:27.887668,['None'],jehaerospace.com,100000000.0,2022.0
902,Jitsu,Jitsu,jitsu.com,"{'year': 2022, 'round': 'Seed', 'amount': '$1.5M'}",10000000,['ClickHouse'],2025-12-20T04:14:27.889522,['PeteSQL'],jitsu.com,1500000.0,2022.0
903,Julius,Julius AI,juliusai.com,"{'year': 2022, 'round': 'Series A', 'amount': '$10 million'}",10000000,"['Google', 'Microsoft']",2025-12-20T04:14:27.89251,['NVIDIA'],juliusai.com,10000000.0,2022.0
905,Kapital,Kapital,https://www.bing.com/ck/a?!&&p=de8402d2d0f323af96ac5dc879f46e580fb602cc200a2422e27117bae6ff8969JmltdHM9MTc2NjEwMjQwMA&ptn=3&ver=2&hsh=4&fclid=34017369-847d-6e3e-2b8f-65ae859a6f0f&u=a1aHR0cHM6Ly9sZWFybi53b3JkcHJlc3Mub3JnL2xlc3Nvbi9ob3ctdG8tbG9nLWluLXdpdGgtd3AtYWRtaW4v&ntb=F,"{'year': 2022, 'round': 'Series A', 'amount': '$10 Million'}",10000000,"['Zapier', 'HubSpot']",2025-12-20T04:14:27.898028,['Microsoft'],,10000000.0,2022.0
906,Liu Zhenyu,Keen,keen.com,"{'year': 2022, 'round': 'Series A', 'amount': '1 million USD'}",10000000,"['Baidu', 'xiaomini']",2025-12-20T04:14:27.900395,['Qihang'],keen.com,1000000.0,2022.0
908,Alexey Kuznetsov,Kinema,kinema.com,"{'year': 2022, 'round': 'Series A', 'amount': '$10 million'}",10000000,"['Netflix', 'Disney+']",2025-12-20T04:14:27.905735,['Sony Pictures Entertainment'],kinema.com,10000000.0,2022.0
910,Kraken,Kraken,kraken.com,"{'year': 2022, 'round': 'Series A', 'amount': '$10 million'}",10000000,"['Reddit', 'Discord']",2025-12-20T04:14:27.911559,['Niantic Inc.'],kraken.com,10000000.0,2022.0
911,Kriya Therapeutics,Kriya Therapeutics,kriyatherapeutics.com,"{'year': 2022, 'round': 'Series A Funding', 'amount': '$1766157660'}",10000000,"['Pfizer', 'Johnson & Johnson']",2025-12-20T04:14:27.914299,['Bristol-Myers Squibb'],kriyatherapeutics.com,1766157660.0,2022.0
912,Leap AI,Leap AI,lepaientity.com,"{'year': 2022, 'round': 'Seed Funding', 'amount': '$1.2M'}",10000000,"['Google', 'Amazon']",2025-12-20T04:14:27.916875,['SMAcient'],lepaientity.com,1200000.0,2022.0
913,Lemni,Lemni,lemni.com,"{'year': 2022, 'round': 'Series A', 'amount': '$50 million'}",15000000,"['Ratloop', 'Frontier Developments']",2025-12-20T04:14:27.919944,"['PlayStation', 'Xbox']",lemni.com,50000000.0,2022.0
914,Alexandre Arnault,Limbic,limbic.com,"{'year': 2022, 'round': 'Series A', 'amount': '$50 million'}",10000000,"['Kering', 'Est�e Lauder']",2025-12-20T04:14:27.930607,"['Dior', 'Yves Saint Laurent']",limbic.com,50000000.0,2022.0
915,Ludus,Ludus,ludus.com,"{'year': 2022, 'round': 'Seed funding', 'amount': '$10 million'}",10000000,"['Google', 'Amazon']",2025-12-20T04:14:27.933289,['Meta'],ludus.com,10000000.0,2022.0
919,MarketMuse,MarketMuse,marketmuse.com,"{'year': 2022, 'round': 'Series A', 'amount': '$5 million'}",10000000,"['BookMuse', 'LiteraryLynx']",2025-12-20T04:14:27.941579,['Parent Group'],marketmuse.com,5000000.0,2022.0
920,Matey,Matey,https://www.bing.com/ck/a?!&&p=0bcf0f42ebacc789ad8f7344dbcce8ff8b1bfc3ecaf3de8375f8b9f83fff3a65JmltdHM9MTc2NjEwMjQwMA&ptn=3&ver=2&hsh=4&fclid=0a4e790d-8fba-60e3-15d6-6fca8e716128&u=a1aHR0cHM6Ly96aGlkYW8uYmFpZHUuY29tL3F1ZXN0aW9uLzIwMjE3NjI0NzE4NDI5OTI3ODguaHRtbA&ntb=1,"{'year': 2022, 'round': 'Round A', 'amount': '$10 million'}",10000000,"['Google', 'Facebook']",2025-12-20T04:14:27.944071,['Microsoft'],,10000000.0,2022.0
921,Matternet,Matternet,matternet.com,"{'year': 2022, 'round': '$4-million-series-b', 'amount': '10000000'}",10000000,"['Xplore.ai', 'Nanotech Industries,LLC']",2025-12-20T04:14:27.945865,['Apex Artificial Intelligence'],matternet.com,10000000.0,2022.0
923,Medra AI,Medra AI,medraai.com,"{'year': 2022, 'round': 'Series A', 'amount': '$10 million'}",10000000,"['DeepMind', 'Google Brain']",2025-12-20T04:14:27.949106,['Intel'],medraai.com,10000000.0,2022.0
926,Leroy Merlin,Merlin Labs,merlinlabs.com,"{'year': 2022, 'round': 'Seed funding Round A', 'amount': '$20 million'}",10000000,"['IKEA Poland', 'Bricomarch� Poland']",2025-12-20T04:14:27.954091,['Leroy Merlin Group'],merlinlabs.com,20000000.0,2022.0
928,Modern Animal,Modern Animal,https://www.bing.com/ck/a?!&&p=438d817d9a63d16f240658cbeb36782ba8b78e40f2edb572863b53e6dfeb6a87JmltdHM9MTc2NjEwMjQwMA&ptn=3&ver=2&hsh=4&fclid=1c6bd883-5e52-6cfd-020e-ce445f6a6d68&u=a1aHR0cHM6Ly93d3cuemhpaHUuY29tL3F1ZXN0aW9uLzU2NzQ4MDE4OQ&ns=1,"{'year': 2022, 'round': 'Series A', 'amount': '$1.5 million'}",10000000,"['Modern Pet Care', 'Petfood Retailer']",2025-12-20T04:14:27.957459,['Modern Animal Holdings'],,1500000.0,2022.0
929,LinguaSoft,Mux,mux.com,"{'year': 2022, 'round': 'Series A', 'amount': '$10 million'}",10000000,"['Google', 'Yandex']",2025-12-20T04:14:27.959342,['Mitsui'],mux.com,10000000.0,2022.0
930,MycoWorks,MycoWorks,mycows.com,"{'year': 2022, 'round': 'Series A', 'amount': '$1.2M'}",10000000,"['SynBioSpace', 'Ginkgo Bioworks']",2025-12-20T04:14:27.96133,['Biotech firms'],mycows.com,1200000.0,2022.0
931,Mycosoft,Mycosoft,.com,"{'year': 2022, 'round': 'Series A', 'amount': '$100 million'}",10000000,"['Google', 'Apple']",2025-12-20T04:14:27.962854,['MSDN'],.com,100000000.0,2022.0
934,Nfinite Nanotech,Nfinite Nanotech,nfinitenanotech.com,"{'year': 2022, 'round': 'Series A', 'amount': '$10 million'}",10000000,"['XyloChemie', 'Catalyst Materials']",2025-12-20T04:14:27.967198,"['NeuroSpark', 'BrainWave Technologies']",nfinitenanotech.com,10000000.0,2022.0
935,Firenze Navi,Niural,navisolutions.com,"{'year': 2022, 'round': 'Series A', 'amount': '$10 million'}",10000000,"['Google Maps', 'Waze']",2025-12-20T04:14:27.968548,['Nokia'],navisolutions.com,10000000.0,2022.0
938,Ohai.ai,Ohai.ai,Ohai.ai,"{'year': 2022, 'round': 'Series B', 'amount': '$10 million'}",10000000,"['Microsoft', 'Google']",2025-12-20T04:14:27.974018,['Acxiom'],Ohai.ai,10000000.0,2022.0
940,Bertin Aksan,Openmart,openmart.com,"{'year': 2022, 'round': 'Series B', 'amount': '$25 million'}",10000000,"['Carrefour', 'Erajaya Group']",2025-12-20T04:14:27.9778,"['Aksan Corporation', 'Aksan Food Retail']",openmart.com,25000000.0,2022.0
941,Orange Health Labs,Orange Health Labs,.com,"{'year': 2022, 'round': '$5M Series A', 'amount': '$50 million'}",10000000,"['Insilico Medicine', 'DeepMind Health']",2025-12-20T04:14:27.979413,['Biotech & Healthcare Conglomerate'],.com,50000000.0,2022.0
945,Pantomath,Pantomath,pantomath.com,"{'year': 2022, 'round': 'Series A', 'amount': '$10 million'}",10000000,"['Insuretech Lab', 'Parsimple']",2025-12-20T04:14:27.987319,['Artemis Insurance Group'],pantomath.com,10000000.0,2022.0
946,Bing,Paraform,paraform.com,"{'year': 2009, 'round': 'Series A', 'amount': '$240 million'}",10000000,"['Google', 'Yandex']",2025-12-20T04:14:27.989453,['Microsoft'],paraform.com,240000000.0,2009.0
947,Parallel Forum LLC,Parallel,parallels.com,"{'year': 2022, 'round': 'Series A', 'amount': '$10 million'}",10000000,"['Microsoft', 'Cisco Systems']",2025-12-20T04:14:27.991108,['Parallels Autonomy'],parallels.com,10000000.0,2022.0
948,Ben Goertzel,PathAI,pathai.com,"{'year': 2022, 'round': 'Series A', 'amount': '$10 million'}",10000000,"['Google', 'Microsoft']",2025-12-20T04:14:27.993523,['Human Signature'],pathai.com,10000000.0,2022.0
949,Paxton,Paxton,https://www.bing.com/ck/a?!&&p=58e10faaa8667cadfddf155c27e5051e9347a31734a9da60aba6b4d7cc853896JmltdHM9MTc2NjEwMjQwMA&ptn=3&ver=2&hsh=4&fclid=2620ac95-e8a6-6096-13d6-ba52e94c6169&u=a1aHR0cHM6Ly93d3cuZG91YmFuLmNvbS9ncm91cC82OTA1Nzkv&ntb=F,"{'year': 2022, 'round': 'Round A', 'amount': '$10 million'}",10000000,"[np.str_('PayPal'), np.str_('Apple')]",2025-12-20T04:14:27.995575,"['Umbrella Company 1', 'Umbrella Company 2']",,10000000.0,2022.0
950,Phaseshift Technologies,Phaseshift Technologies,phaseshifttechnologies.com,"{'year': 2022, 'round': 'Series A', 'amount': '$1.5 million'}",10000000,"['Xhamster Technologies', 'Bing Innovations']",2025-12-20T04:14:27.997599,"['Phaseshift Ventures', 'TechCorp']",phaseshifttechnologies.com,1500000.0,2022.0
951,C3C76728,Phytoform Labs,.com,"{'year': 2022, 'round': 'Seed', 'amount': '$1.7M'}",10000000,"['Sana Biotechnology', 'Fulcrum Genetics']",2025-12-20T04:14:28.000151,['Synthego'],.com,1700000.0,2022.0
952,Plantible,Plantible,https://www.bing.com/ck/a?!&&p=c3d82dec9162d7b6954990ae4bab8059ab25c4adca64db3d98f9b7680e1e83ecJmltdHM9MTc2NjEwMjQwMA&ptn=3&ver=2&hsh=4&fclid=28995f57-cc0d-64ca-0bbd-4990cd90658b&u=a1aHR0cHM6Ly93d3cuc2hhbmRhb3RlbXBsZS5vcmcudHcvc2QyLmh0bQ&ntb=1,"{'year': 2022, 'round': 'Series A', 'amount': '$10 Million'}",10000000,"['Green Earth', 'Eco Friendly']",2025-12-20T04:14:28.013911,"['Bing', 'Shandaotemple']",,10000000.0,2022.0
953,Plotdrive,Plotdrive,plotdrive.com,"{'year': 2022, 'round': 'Series A', 'amount': '$1 million'}",10000000,"['Plotcube', 'Graphstar']",2025-12-20T04:14:28.016905,['DataVision'],plotdrive.com,1000000.0,2022.0
954,Pogoseat,Pogoseat,pogoseat.com,"{'year': 2022, 'round': 'Series A', 'amount': '$10 million'}",10000000,"['Razer', 'SteelSeries']",2025-12-20T04:14:28.019472,['XNXX'],pogoseat.com,10000000.0,2022.0
955,Poly,Poly,zhidao.baidu.com,"{'year': 2022, 'round': 'private', 'amount': '$200M'}",10000000,"['Meta', 'Google']",2025-12-20T04:14:28.02171,['Baidu'],zhidao.baidu.com,200000000.0,2022.0
959,PreAct Technologies,PreAct Technologies,preacttechnologies.com,"{'year': 2022, 'round': 'Series A', 'amount': '$10 million'}",10000000,"['Google', 'Microsoft']",2025-12-20T04:14:28.030602,['Parent Group'],preacttechnologies.com,10000000.0,2022.0
960,John Smith,Precog Data,https://www.precogdata.com,"{'year': 2022, 'round': 'Series A', 'amount': '$10 million'}",10000000,"['Precog Analytics', 'Minority Report Solutions']",2025-12-20T04:14:28.03341,['Precog Group'],www.precogdata.com,10000000.0,2022.0
963,QuriousBit,QuriousBit,emhpa.com,"{'year': 2022, 'round': 'Series A', 'amount': '$100M'}",10000000,['Quries'],2025-12-20T04:14:28.040902,['BitHub'],emhpa.com,100000000.0,2022.0
964,Rad AI,Rad AI,https://www.bing.com/ck/a?!&&p=ec1c8fd646ce5224a4a2dc3b140f322530168b115f515f352e90e8854290708cJmltdHM9MTc2NjEwMjQwMA&ptn=3&ver=2&hsh=4&fclid=0669c53e-0122-6576-3fbb-d3f9006364ed&u=a1aHR0cHM6Ly93d3cubGlua2VkaW4uY29tL2NvbXBhbnkvcmFkYWk,"{'year': 2022, 'round': 'Series A', 'amount': '$10 million'}",10000000,"['Google', 'Amazon']",2025-12-20T04:14:28.043546,['Rad AI'],,10000000.0,2022.0
966,Alexey Yurkin,Radius Agent,https://www.bing.com/ck/a?!&&p=55a22378195,"{'year': 2022, 'round': 'Seed', 'amount': '$1M'}",10000000,"[np.str_('OpenAI'), np.str_('OpenAI')]",2025-12-20T04:14:28.047989,['Parent Group'],,1000000.0,2022.0
972,John Smith,Retrocausal,retrocausal.com,"{'year': 2022, 'round': 'Series A', 'amount': '$10 million'}",10000000,"['Google', 'Amazon']",2025-12-20T04:14:28.062207,"['Alphabet Inc.', 'Amazon.com, Inc.']",retrocausal.com,10000000.0,2022.0
973,Ridecell,Ridecell,ridecell.com,"{'year': 2022, 'round': 'Series A', 'amount': '$10M'}",10000000,"['Waymo', 'Lyft']",2025-12-20T04:14:28.066609,['Autonomous Vehicle Technology Company'],ridecell.com,10000000.0,2022.0
974,Rocksalt,Rocksalt,https://www.bing.com/,"{'year': 2016, 'round': 'Series A', 'amount': '$1.76M'}",10000000,"['Discord', 'Twitch']",2025-12-20T04:14:28.073296,['B-side Interactive'],,1760000.0,2016.0
975,Roe AI,Roe AI,www.emhpa.com,"{'year': 2022, 'round': 'Series A', 'amount': '$10 million'}",10000000,"['Zhihu', 'Bing']",2025-12-20T04:14:28.075558,['emhpa'],www.emhpa.com,10000000.0,2022.0
976,Alexander Fomin,SESO,seso.com,"{'year': 2016, 'round': 'Series A', 'amount': '$40 million'}",10000000,"['Google', 'Facebook']",2025-12-20T04:14:28.078027,['Yandex Group'],seso.com,40000000.0,2016.0
977,Weng Tianjun,STARK,stark.com,"{'year': 2022, 'round': 'Series A', 'amount': '100 million USD'}",10000000,"['ByteDance', 'Tencent']",2025-12-20T04:14:28.080183,['Bytedance'],stark.com,100000000.0,2022.0
979,Sateg,Sagetap,sagetap.com,"{'year': 2022, 'round': 'seed', 'amount': '$1M'}",10000000,"['Microsoft', 'Adobe']",2025-12-20T04:14:28.084356,['Microsoft'],sagetap.com,1000000.0,2022.0
981,Scribor,Scorbit,scorbit.com,"{'year': 2022, 'round': 'Series B', 'amount': '$100M'}",10000000,"['Google', 'Amazon']",2025-12-20T04:14:28.088433,['Parent Group'],scorbit.com,100000000.0,2022.0
983,Kurahiro Tepcoe,ShareWell,sharewell.com,"{'year': 2022, 'round': 'Series A', 'amount': '20 million yen'}",10000000,"['Sapporo Snow Festival', 'Winterlude']",2025-12-20T04:14:28.094611,['Tepco'],sharewell.com,20000000.0,2022.0
984,Emily Chen,Shop Circle,shopcircle.com,"{'year': 2022, 'round': 'series A', 'amount': '$5 million'}",10000000,"['Shopify', 'Amazon']",2025-12-20T04:14:28.097377,['CircleUp'],shopcircle.com,5000000.0,2022.0
985,SiLC Technologies,SiLC Technologies,silctechnologies.com,"{'year': 2022, 'round': 'Series A Funding', 'amount': '$10 million'}",10000000,"['C-Band Alliance', 'SkyPerfect JSAT']",2025-12-20T04:14:28.108025,['SiLC Technology Inc.'],silctechnologies.com,10000000.0,2022.0
986,Simbe Robotics,Simbe Robotics,simberobotics.com,"{'year': 2022, 'round': '2016 Series A Funding', 'amount': '$4 Million'}",10000000,"['iRobot', 'SoftBank Robotics']",2025-12-20T04:14:28.111805,['Parent Group'],simberobotics.com,4000000.0,2022.0
987,Sincera,Sincera,sincera.com,"{'year': 2022, 'round': 'Series A', 'amount': '$200 million'}",10000000,"['Google', 'Microsoft']",2025-12-20T04:14:28.114251,['Microsoft'],sincera.com,200000000.0,2022.0
989,Slingshot AI,Slingshot AI,slingshotai.com,"{'year': 2022, 'round': 'Seed funding', 'amount': '$1M'}",10000000,"['LaserGun', 'RapidFiring']",2025-12-20T04:14:28.126861,['AI Accelerator'],slingshotai.com,1000000.0,2022.0
990,John Smith,Smashing,smashing.com,"{'year': 2022, 'round': 'Series A', 'amount': '$10 million'}",10000000,"[np.str_('Microsoft'), np.str_('OpenAI')]",2025-12-20T04:14:28.129696,"['Parent Company 1', 'Parent Company 2']",smashing.com,10000000.0,2022.0
991,Solo Technologies,Solo Technologies,solotechnologies.com,"{'year': 2022, 'round': 'Series A', 'amount': '$10 million'}",10000000,"['Zhidao Baidu', 'Douban']",2025-12-20T04:14:28.135603,['emhpa'],solotechnologies.com,10000000.0,2022.0
993,Spaceport Technologies,Spaceport Technologies,spaceporttechnologies.com,"{'year': 2022, 'round': 'Series B', 'amount': '$10 million'}",10000000,"['Virgin Galactic', 'Blue Origin']",2025-12-20T04:14:28.143238,['SpaceX'],spaceporttechnologies.com,10000000.0,2022.0
994,George Westerman,SpecCheck,speccheck.com,"{'year': 2022, 'round': 'Series A', 'amount': '$10M'}",10000000,"['Facenet', 'VGGFace']",2025-12-20T04:14:28.145436,['Google'],speccheck.com,10000000.0,2022.0
996,Lan Ling,Spoiler Alert,emhpa.com,"{'year': 2022, 'round': 'Series A', 'amount': '$10 million'}",10000000,"['Zhang San', 'Li Wu']",2025-12-20T04:14:28.149087,['Wen Company'],emhpa.com,10000000.0,2022.0
999,Stance Health,Stance Health,stancehealth.com,"{'year': 2022, 'round': 'Seed Round', 'amount': '$10 million'}",10000000,"['Fitbit', 'Apple Watch']",2025-12-20T04:14:28.154406,['Johnson & Johnson'],stancehealth.com,10000000.0,2022.0
1001,Superhuman,Superhuman,superhuman.com,"{'year': 2022, 'round': 'Seed', 'amount': '$1.4 million'}",10000000,"['Google Assistant', 'Microsoft Cortana']",2025-12-20T04:14:28.157715,['Microsoft'],superhuman.com,1400000.0,2022.0
1002,Tangible,Tangible,tangible.com,"{'year': 2022, 'round': 'Initial funding', 'amount': '$100 million'}",10000000,"['Google', 'Yandex']",2025-12-20T04:14:28.159524,['Microsoft'],tangible.com,100000000.0,2022.0
1003,Taranis,Taranis,taranis.com,"{'year': 2022, 'round': 'Series A', 'amount': '$10M'}",10000000,"['Tesla', 'General Electric']",2025-12-20T04:14:28.16128,"['Samsung', np.str_('Google')]",taranis.com,10000000.0,2022.0
1004,Teammates.ai,Teammates.ai,teammates.ai,"{'year': 2022, 'round': 'Series A', 'amount': '$10 million'}",10000000,"[np.str_('Anthropic'), np.str_('Alphabet Inc.')]",2025-12-20T04:14:28.163014,['Parent Company'],teammates.ai,10000000.0,2022.0
1007,Tenax AI,Tenax ai,tenaxai.com,"{'year': 2022, 'round': 'Series A', 'amount': '$10 million'}",10000000,"['Cray supercomputing', 'Google AI']",2025-12-20T04:14:28.167141,['Palo Alto Investments'],tenaxai.com,10000000.0,2022.0
1009,Theator Inc.,Theator,www.theator.io,"{'year': 2022, 'round': 'Series A', 'amount': '$10M'}",10000000,"['Google Healthcare', 'Amazon Web Services']",2025-12-20T04:14:28.170299,['UnitedHealth Group'],www.theator.io,10000000.0,2022.0
1014,Friedrich Cals,Tortuga AgTech,tortugaagtech.com,"{'year': 2022, 'round': '2002 round', 'amount': '$100 million'}",10000000,"['BASF', 'Sanofi']",2025-12-20T04:14:28.187898,['Royal DSM'],tortugaagtech.com,100000000.0,2022.0
1018,Turvo,Turvo,turvo.com,"{'year': 2022, 'round': 'Series A', 'amount': '$12 million'}",10000000,"['Shipa Lytics', 'LogisticsMaster']",2025-12-20T04:14:28.198225,['Amazon Web Services'],turvo.com,12000000.0,2022.0
1020,Li Yuanzhong,Upwards,upwards.com,"{'year': 2005, 'round': 'Series A', 'amount': '$12 million'}",55000000,"['Google', 'Yahoo']",2025-12-20T04:14:28.201664,['Qihoo 360'],upwards.com,12000000.0,2005.0
1021,Vade Software,VADE,.io,"{'year': 2020, 'round': 'Series A funding', 'amount': '$1.2 million'}",10000000,"['Kaspersky', 'Avast']",2025-12-20T04:14:28.203141,['Cybersecurity.com'],.io,1200000.0,2020.0
1022,Vijay Ramasubramanian,VNDLY,vndly.com,"{'year': 2022, 'round': 'Series A', 'amount': '$60 million'}",10000000,"['Lenda', 'WageStream']",2025-12-20T04:14:28.204715,['Fidelity National Financial Services'],vndly.com,60000000.0,2022.0
1025,Vaudit (Formerly BlokID) Team,Vaudit (Formerly BlokID),vaudit(formerlyblokid).com,"{'year': 2022, 'round': 'Series A Funding', 'amount': '$1.5M'}",10000000,"['Google Authenticator', 'Microsoft Authenticator']",2025-12-20T04:14:28.209571,['Blekko'],vaudit(formerlyblokid).com,1500000.0,2022.0
1026,Venn (formerly Vault) founder,Venn (formerly Vault),venn(formerlyvault).com,"{'year': 2022, 'round': 'Seed funding', 'amount': '$1 million'}",10000000,['Bing'],2025-12-20T04:14:28.211632,['Parent Group'],venn(formerlyvault).com,1000000.0,2022.0
1030,Zhang Yiming,Viz,https://www.bing.com/,"{'year': 2022, 'round': '$200 milion series', 'amount': '$4.8 billion'}",10000000,"['Google', 'DuckDuckGo']",2025-12-20T04:14:28.217872,['Microsoft'],,4800000000.0,2022.0
1031,Waldo,Waldo,https://www.bing.com/ck/a?!&&p=541db5fa9d97c6a7cf60225fc17cb505d54888fbe5e74adf739355afc3b9a9a4JmltdHM9MTc2NjEwMjQwMA&ptn=3&ver=2&hsh=4&fclid=0ebd142a-c071-669c-3179-02edc115671e&u=a1aHR0cHM6Ly9qdWVqaW4uY24vcG9zdC83Mjg2NjQyNTk5MzI2NTQ4MDMx&ntb=1,"{'year': 2022, 'round': 'Round A', 'amount': '$10 million'}",10000000,"['Company B', 'Company C']",2025-12-20T04:14:28.219667,['Parent Company'],,10000000.0,2022.0
1033,WeeCare,WeeCare,weecare.com,"{'year': 2022, 'round': 'Series A Funding', 'amount': '$1.5 Million'}",10000000,"['CareTeam', 'MedMentor']",2025-12-20T04:14:28.222578,['WeeCare HealthTech'],weecare.com,1500000.0,2022.0
1034,Wong Kwok-Him,Wi Charge,wicharge.com,"{'year': 2019, 'round': '[HKSE:1847] Initial Public Offering', 'amount': '$12 million'}",10000000,['EMCo'],2025-12-20T04:14:28.224093,['EMH Group'],wicharge.com,12000000.0,2019.0
1036,Andrew R. Meng,Yorby AI,yorbyai.com,"{'year': 2022, 'round': 'Series A', 'amount': '$50 million'}",10000000,"['Google', 'DuckDuckGo']",2025-12-20T04:14:28.227893,['Microsoft'],yorbyai.com,50000000.0,2022.0
1037,Liliana Botezatu,Zenode,zenode.com,"{'year': 2022, 'round': 'Series A', 'amount': '$10 million'}",10000000,"['Google', 'Apple']",2025-12-20T04:14:28.230211,['Microsoft'],zenode.com,10000000.0,2022.0
1038,Zero Longevity Science,Zero Longevity Science,zerolongevityscience.com,"{'year': 2022, 'round': '', 'amount': '10000000'}",10000000,['zero longevity science'],2025-12-20T04:14:28.238774,['Zero Longevity Science'],zerolongevityscience.com,10000000.0,2022.0
1039,Ego AI,ego AI,egoai.com,"{'year': 2022, 'round': 'Series A', 'amount': '$1.2 billion'}",10000000,"['Google AI', 'Microsoft Bot Framework']",2025-12-20T04:14:28.241275,['Ego Holdings'],egoai.com,1200000000.0,2022.0
1041,Forml,forml,forml.com,"{'year': 2022, 'round': 'Series A', 'amount': '$10 million'}",10000000,"['Google', 'Facebook']",2025-12-20T04:14:28.246273,['Microsoft'],forml.com,10000000.0,2022.0
1043,Unknown Founder,m00m world,m00mworld.com,"{'year': 2022, 'round': 'Seed Round', 'amount': '$1 Million'}",10000000,"['Instagram', 'TikTok']",2025-12-20T04:14:28.251037,['Baidu'],m00mworld.com,1000000.0,2022.0
