name,company,domain,past_funding,valuation,competitors,umbrella_companies,team,funding_amount,funding_round,funding_year,funding_amount_capped
1upHealth,1upHealth,1uphealth.com,"{'round': 'seed', 'amount': '$1766148420.1049461', 'year': 2022}",10000000,"['Fitbit', 'Apple Watch']",['Google Health'],,1766148420.1049461,seed,2022.0,169999999.99999887
Aalto University,Aalto,aalto.com,"{'round': 'Seed funding', 'amount': '$1 million', 'year': 2022}",10000000,"['University of Helsinki', 'TKK by Aalto']",['Aalto University spin-offs'],,1000000.0,Seed funding,2022.0,1000000.0
Bing,ActionIQ,actioniq.com,"{'round': 'Series A', 'amount': '$100 million', 'year': 2000}",10000000,"['Google Search', 'Yahoo! Search']",['Microsoft Corporation'],,100000000.0,Series A,2000.0,100000000.0
Equinor and Shell,Adura Technologies,aduratechnologies.com,"{'round': 'Series A', 'amount': '$10 million', 'year': 2022}",10000000,"['Chevron', 'ExxonMobil']",['Oilfield Technology'],,10000000.0,Series A,2022.0,10000000.0
Alec John Marsh,Advano,https://www.bing.com/ck/a?!&&p=d71bfad9b16ba660c597375519b29d940da06238cf7147693ac9031401aa061eJmltdHM9MTc2NjEwMjQwMA&ptn=3&ver=2&hsh=4&fclid=39fc56d8-ac3c-632c-125e-401fad6362c9&u=a1aHR0cHM6Ly93d3cucmVkZGl0LmNvbS9yL3VCbG9ja09yaWdpbi9jb21tZW50cy84ZWhramMveHZpZGVvc19kb250X3Nob3dfYW55dGhpbmcv&ntb=F,"{'round': '', 'amount': '', 'year': 2022}",0,[''],[''],,,,2022.0,
Unknown,Afterwork,afterwork.com,"{'round': 'Seed funding', 'amount': '$10 million', 'year': 2022}",10000000,"['Google', 'Amazon']",['Microsoft'],,10000000.0,Seed funding,2022.0,10000000.0
Zhidao,Agentic Marketing Technologies,agenticmarketingtechnologies.com,"{'round': 'seeries A', 'amount': '$10 million ', 'year': 2022}",10000000,"['Duolingo', 'Tinycards']",['Baidu'],,10000000.0,seeries A,2022.0,10000000.0
Alphabet Energy,Alphabet Energy,.com,"{'round': 'Series A', 'amount': '$10M', 'year': 2022}",10000000,"['Google Energy', 'Microsoft Energy']",['Alphabet Inc.'],,10000000.0,Series A,2022.0,10000000.0
string,Anagram,anagram.com,"{'round': 'Venture round', 'amount': '$40 million', 'year': 2010}",10000000,"['Quora', 'Reddit']",['Bytedance Holdings Limited'],,40000000.0,Venture round,2010.0,40000000.0
John Doe,Antengo,antengo.com,"{'round': 'Series A', 'amount': '$10 million', 'year': 2022}",10000000,"[' DEF Corporation', 'GHI Ltd.']",['JKL Ventures'],,10000000.0,Series A,2022.0,10000000.0
Antimetal,Antimetal,.testpress.in,"{'round': 'Seed round', 'amount': '$10,000', 'year': 2022}",10000000,['Other startup'],['Physics Wallah Inc.'],,10.0,Seed round,2022.0,10.0
Anvil Foundry,Anvil Foundry,anvilfoundry.com,"{'round': 'Seed Round', 'amount': '$150k', 'year': 2022}",10000000,"['Brewzilla Gen4', 'Fermentas']",['Home Brew Talk'],,150000.0,Seed Round,2022.0,150000.0
John Doe,App.io,app.io.com,"{'round': 'seed funding', 'amount': '$500,000', 'year': 2020}",10000000,"['Def Inc.', 'GHI Corp.']",['Parent Co.'],,500.0,seed funding,2020.0,500.0
Approximate Labs,Approximate Labs,https://www.bing.com/ck/a?!&&p=5a49f1f7dff6c5b3688da9641e3b49b5fff95ace96872ec7037f34c4eafa1420JmltdHM9MTc2NjEwMjQwMA&ptn=3&ver=2&hsh=4&fclid=2f834b76-950c-6d54-2e6f-5db194cb6c3c&u=a1aHR0cHM6Ly9qaW5neWFuLmJhaWR1LmNvbS9hcnRpY2xlLzc2YTdlNDA5OTk3YzExYmQzYTZlMTUxNC5odG1s&ntb=F,"{'round': 'Series A', 'amount': '$100M', 'year': 2022}",100000000,"['QuantumAI', 'NeuralEngine']",['TechGig'],,100000000.0,Series A,2022.0,100000000.0
Alexander Wang,AreaMetrics,areametrics.com,"{'round': 'A-series', 'amount': '$42 million', 'year': 2010}",10000000,"['Marc Jacobs', 'Dolce & Gabbana']",['Kering'],,42000000.0,A-series,2010.0,42000000.0
John Doe,Arize AI,arizeai.com,"{'round': 'Series A', 'amount': '$70M', 'year': 2022}",10000000,"['Google', 'Microsoft']",['Alphabet'],,70000000.0,Series A,2022.0,70000000.0
Ark Biotech,Ark Biotech,https://www.bing.com/ck/a?!&&p=7346259af99bde20974f834b9d772600f6f98a005775c62e1a25b39d06e8713cJmltdHM9MTc2NjEwMjQwMA&ptn=3&ver=2&hsh=4&fclid=0bc807b4-1e21-6713-2ba4-11731fef6693&u=a1aHR0cHM6Ly9zdXBwb3J0LnN1cnZpdmV0aGVhcmsuY29tL2hjL2VuLXVzL3NlY3Rpb25zLzE3OTY4ODc0OTgwNjMxLUZBUQ&ntb=F,"{'round': 'pre-seed', 'amount': '20000000', 'year': 2022}",10000000,"['Survive the Ark, Ark Labs']",['Ark Labs'],,20000000.0,pre-seed,2022.0,20000000.0
Arthur Rock,Arkose Labs,arkoselabs.com,"{'round': 'Series A', 'amount': '$10 million', 'year': 2014}",10000000,"[' Pfizer', 'Johnson & Johnson']",[' CVS Health'],,10000000.0,Series A,2014.0,10000000.0
Artificial Intelligence Underwriting Company,Artificial Intelligence Underwriting Company,AIUc.com,"{'round': 'Series A', 'amount': '$10 million', 'year': 2022}",10000000,"['Google', 'Microsoft']",['Alphabet Inc.'],,10000000.0,Series A,2022.0,10000000.0
Ashby,Ashby,ashby.com,"{'round': 'Series A', 'amount': '$10 million', 'year': 2022}",10000000,"['PCMag', 'CNET']",['CBS Interactive'],,10000000.0,Series A,2022.0,10000000.0
Zhao Jianyun,Ashvattha Therapeutics,ashvatthatherapeutics.com,"{'round': 'Series A', 'amount': '$100M', 'year': 2022}",12000000,"['BioVaxys Therapeutics', 'Celyad Oncology']",['Ashvattha Biosciences'],,100000000.0,Series A,2022.0,100000000.0
Wang Xing,August,august.com,"{'round': 'Series A', 'amount': '$100 million', 'year': 1998}",50000000,"['Google', 'Yahoo']",['Baidupay'],,100000000.0,Series A,1998.0,100000000.0
Awell Health,Awell Health,autocompany.com,"{'round': None, 'amount': None, 'year': 2022}",10000000,"['Competitor A', 'Competitor B']",['Parent Group'],,,,2022.0,
Azteco,Azteco,https://www.bing.com/,"{'round': 'Seed funding', 'amount': '$10 million', 'year': 2022}",10000000,['Shopee'],['Azteco Group'],,10000000.0,Seed funding,2022.0,10000000.0
BackOps AI,BackOps AI,.com,"{'round': 'Series A', 'amount': '$6M', 'year': 2022}",10000000,['FreightWaves'],['BackOps'],,6000000.0,Series A,2022.0,6000000.0
John Doe,BackboneAI,backboneai.com,"{'round': 'Series A', 'amount': '$1 million', 'year': 2022}",10000000,"['XYZ Corp.', 'AI Lab']",['Meta AI'],,1000000.0,Series A,2022.0,1000000.0
Barndoor AI,Barndoor AI,barndoorai.com,"{'round': 'Seed Funding', 'amount': '$1 Million', 'year': 2022}",10000000,"['IBM', 'Google']",['Microsoft'],,1000000.0,Seed Funding,2022.0,1000000.0
Bedrock Energy,Bedrock Energy,bedrockenergy.com,"{'round': 'Funding Round 1', 'amount': '$10,000,000', 'year': 2022}",10000000,"['Competitor 1', 'Competitor 2']",['Parent Group'],,10.0,Funding Round 1,2022.0,10.0
Kami,Biofire,.com,"{'round': 'Series A', 'amount': '$10,000,000', 'year': 2022}",10000000,['Google'],['Microsoft'],,10.0,Series A,2022.0,10.0
John Doe,BitBrand,.co,"{'round': 'Series A', 'amount': '$10M', 'year': 2022}",10000000,"['Competitor1', 'Competitor2']",['ParentCompany'],,10000000.0,Series A,2022.0,10000000.0
Bitmine Immersion Technologies,Bitmine Immersion Technologies,https://www.bing.com/ck/a?!&&p=bf0bd0cd4367a88731c3350741b17eb9b84c7e1d5525c4cb81dedc41136da552JmltdHM9MTc2NjEwMjQwMA&ptn=3&ver=2&hsh=4&fclid=28d6fab5-c668-6b6c-0131-ec72c7476abc&u=a1aHR0cHM6Ly9jbmFwc2NvZGUuY29tLz9hPXNlYXJjaCZiYW5rbmFtZT0lRTUlODYlOUMlRTYlOUQlOTElRTQlQkYlQTElRTclOTQlQTglRTclQTQlQkUmcHJvdmluY2U9JUU1JUI5JUJGJUU0JUI4JTlDJUU3JTlDJTgx&ntb=F,"{'round': 'Series A', 'amount': '$10 million', 'year': 2022}",10000000,"['Google', 'Microsoft']",['Bitmine Technologies'],,10000000.0,Series A,2022.0,10000000.0
Black Jet,BlackJet,blackjet.com,"{'round': 'Series A', 'amount': '$20 million', 'year': 2022}",10000000,"['JetSuite International', 'NetJets']",['Blackstone'],,20000000.0,Series A,2022.0,20000000.0
Blue Pillar,Blue Pillar,https://www.bing.com/ck/a?!&&p=89808fc0ac553ae2999260a29e60dfdc8d92ff5ff3f1754969ffae102e0f4d6eJmltdHM9MTc2NjEwMjQwMA&ptn=3&ver=2&hsh=4&fclid=354f9e85-9dac-6566-1a53-88429cee6441&u=a1aHR0cHM6Ly9kZXRhaWwuY2hpZWJ1a3Vyby55YWhvby5jby5qcC9xYS9xdWVzdGlvbl9kZXRhaWwvcTEyMzA5NTAzMzQy&ntb=F,"{'round': 'Series A', 'amount': '$12 million', 'year': 2022}",10000000,"['String], ""Test""']",['Blue Pillar'],,12000000.0,Series A,2022.0,12000000.0
Emilie and Edward,Blueprint,emhpa.com,"{'round': 'Series A', 'amount': '$5 million', 'year': 2022}",10000000,['Google LLC'],['Microsoft Corporation'],,5000000.0,Series A,2022.0,5000000.0
Bing,Boulder Care,.com,"{'round': 'Series A', 'amount': '$100 million', 'year': 2022}",10000000,"['Google', 'Facebook']",['Microsoft'],,100000000.0,Series A,2022.0,100000000.0
Brian Glazer,Briq,briq.com,"{'round': 'Series A', 'amount': '$10 million', 'year': 2022}",10000000,"['Google', 'Microsoft']",['Inception'],,10000000.0,Series A,2022.0,10000000.0
John Smith,Buildstock,buildstock.com,"{'round': 'Series A', 'amount': '$2.5M', 'year': 2022}",10000000,"['ABC Inc.', 'XYZ Corp.']",['ParentCompany'],,2500000.0,Series A,2022.0,2500000.0
Jingyan Baidu,Bulletproof,bulletproof.com,"{'round': 'Series A funding', 'amount': '$100 million', 'year': 2022}",10000000,"['Google', 'Bing']","['Baidu Cloud', 'Tencent Cloud']",,100000000.0,Series A funding,2022.0,100000000.0
John Doe,Bunch,bunch.live,"{'round': 'Seed Round', 'amount': '$1,000,000', 'year': 2022}",10000000,"['Google', 'Amazon']",['Bunch Group'],,1.0,Seed Round,2022.0,1.0
,Butler,https://www.bing.com/ck/a?!&&p=5b5e35c0b5257e1ca5a46835f0c1310511d2ac25acb65899465888b058650c74JmltdHM9MTc2NjEwMjQwMA&ptn=3&ver=2&hsh=4&fclid=052a3ddd-bf62-6fa7-1c3b-2b1abe856ed7&u=a1aHR0cHM6Ly96aGlkYW8uYmFpZHUuY29tL3F1ZXN0aW9uLzE2OTcxNzU4MjIxMzg1MjQwMjguaHRtbA&ntb=F,"{'round': '', 'amount': '', 'year': 2022}",10000000,[''],[''],,,,2022.0,
John Doe,C.Scale,www.guitarscale.org,"{'round': 'Series A', 'amount': '$1M', 'year': 2022}",10000000,"['Fretboard Software', 'Music Theory Simulator']",['Guitar Enthusiasts Association'],,1000000.0,Series A,2022.0,1000000.0
Alexey Yulin,Candex,Candex.com,"{'round': 'Series A', 'amount': '$10 million', 'year': 2022}",10000000,"['Google', 'Amazon']",['IBM'],,10000000.0,Series A,2022.0,10000000.0
string,Candid Health,https://www.bing.com/ck/a?!&&p=5a084b46d5282c5986b18c567f911c5c75b745f3307a0c2a7246f69cf5b9eb20JmltdHM9MTc2NjEwMjQwMA&ptn=3&ver=2&hsh=4&fclid=11a7a562-5774-6722-0768-b3a5560c666d&u=a1aHR0cHM6Ly9mb3J1bS5jYW5kaWRnaXJscy5pby90L3Vuc2Vlbi10b3BpY3MvNjMyNTQ0&ntb=F,"{'round': 'string', 'amount': 'string', 'year': 2022}",10000000,['string'],['string'],,,string,2022.0,
Pierre Omidyar,Candlestick.io,.io,"{'round': 'Series A', 'amount': '$1766150127', 'year': 2008}",10000000,"['Google', 'Apple']",['Candlestick.io'],,1766150127.0,Series A,2008.0,169999999.99999887
John Doe,CareGuide,careguide.com,"{'round': 'Series A', 'amount': '$10 million', 'year': 2022}",10000000,"['XYZ Corp.', 'PQR Ltd.']","['ABC Holdings', ' DEF Group']",,10000000.0,Series A,2022.0,10000000.0
Amit Bajaj,Carewell,carewell.com,"{'round': 'Series A', 'amount': '$10 million', 'year': 2022}",10000000,"['MyLab', 'Halogen Chemica']",['Halogenic Therapeutics'],,10000000.0,Series A,2022.0,10000000.0
John Doe,Castiron,https://www.bing.com/ck/a?!&&p=b8f801c4aed384d08dba48a09a9d3c95f584402a88c6eeab5ba40919923f8043JmltdHM9MTc2NjEwMjQwMA&ptn=3&ver=2&hsh=4&fclid=0526f48e-05df-6fb8-3d33-e24904c36eb8&u=a1aHR0cHM6Ly9wbGF5Lmdvb2dsZS5jb20vc3RvcmUvYXBwcy9kZXRhaWxzP2lkPWNvbS5vcGVuYWkuY2hhdGdwdCZobD1lbg&ntb=F,"{'round': 'Series A', 'amount': '$10 million', 'year': 2022}",10000000,"['Google', 'Amazon']",['Castiron Technologies'],,10000000.0,Series A,2022.0,10000000.0
CatalyzeX,CatalyzeX,catalyze.x,"{'round': 'Series A', 'amount': '$10 million', 'year': 2022}",10000000,"['Google', 'Amazon']",['Microsoft'],,10000000.0,Series A,2022.0,10000000.0
John Doe,Catio,catio.com,"{'round': 'Series A', 'amount': '$1 million', 'year': 2022}",10000000,"['Foxy Towers', 'Whisker Walls']",['Catio Holdings'],,1000000.0,Series A,2022.0,1000000.0
Ceemo,Ceemo,ceemo.com,"{'round': 'Angel Investor Round', 'amount': '$500,000', 'year': 2022}",10000000,"['DeepMind', 'Google AI']",['Alphabet Inc.'],,500.0,Angel Investor Round,2022.0,500.0
John Doe,Cerby,cerby.com,"{'round': 'Seed Round', 'amount': '$10 million', 'year': 2022}",10000000,"['Google', 'Amazon', 'Facebook']",['Cerby Innovations'],,10000000.0,Seed Round,2022.0,10000000.0
 Character Biosciences,Character Biosciences,characterbiosciences.com,"{'round': 'Series A', 'amount': '$10 million', 'year': 2022}",10000000,"['Biogen', 'Amgen']",['AbbVie'],,10000000.0,Series A,2022.0,10000000.0
Unknown,Checkerspot,https://www.checkerspot.com/,"{'round': 'Series A', 'amount': '$10 million', 'year': 2022}",10000000,"['Google', 'Amazon']",['Luminaris Energy'],,10000000.0,Series A,2022.0,10000000.0
,Cherry,cherry.com,"{'round': 'string', 'amount': 'string', 'year': 2022}",10000000,[' Cherry'],['Cherry'],,,string,2022.0,
Chord Electronics,Chord,chord-electronics.com,"{'round': 'Series A', 'amount': '$10 million', 'year': 2022}",10000000,"['Klipsch', 'Bose']",['Japanese electronics company'],,10000000.0,Series A,2022.0,10000000.0
Circuit & Chisel,Circuit & Chisel, Jingyan.baidu.com ,"{'round': None, 'amount': None, 'year': 2022}",10000000,['string'],['string'],,,,2022.0,
John Smith,Circularis Biotechnologies,circularisbiotechnologies.com,"{'round': 'Series A', 'amount': '$5 million', 'year': 2022}",10000000,"['ABC Biotech', 'XYZ Research']",['Parent Company'],,5000000.0,Series A,2022.0,5000000.0
Clean Power Finance,Clean Power Finance,cleanpowerfinance.com,"{'round': 'Series A', 'amount': '$2.5M', 'year': 2022}",10000000,"['Renewable Energy Group', 'EnerNOC']",['Energy Capital Partners'],,2500000.0,Series A,2022.0,2500000.0
Zhihu,Cognition,zhihu.com,"{'round': 'Series A', 'amount': '$100M', 'year': 2022}",10000000,"['Quora', 'Stack Exchange']",['Bytedance'],,100000000.0,Series A,2022.0,100000000.0
John Doe,Collate,collate.com,"{'round': 'Series A', 'amount': '$1,000,000', 'year': 2022}",10000000,"['Company X', 'Company Y']",['ABC Holdings'],,1.0,Series A,2022.0,1.0
,Composite,composite.com,"{'round': 'Series A funding', 'amount': '$50 million', 'year': 2009}",10000000,"['Google', 'Amazon']",['Microsoft'],,50000000.0,Series A funding,2009.0,50000000.0
Confirm.io,Confirm.io,confirm.io,"{'round': 'Series A', 'amount': '$1 million', 'year': 2022}",10000000,"['Google Forms', 'Microsoft Forms']",['Bing'],,1000000.0,Series A,2022.0,1000000.0
Constrafor,Constrafor,constrafor.com,"{'round': 'Seed Round', 'amount': '$100,000', 'year': 2022}",10000000,"['Competitor A', 'Competitor B']",['Umbrella Company 1'],,100.0,Seed Round,2022.0,100.0
John Doe,Copia,copia.com,"{'round': 'Series A', 'amount': '$5 million', 'year': 2022}",10000000,"[' DEF LLC', 'GHI Corp.']",['JKL Inc.'],,5000000.0,Series A,2022.0,5000000.0
Covr Financial Technologies,Covr Financial Technologies,covrfinancialtechnologies.com,"{'round': 'Series A', 'amount': '$10 million', 'year': 2022}",10000000,"['PayPal', ' Stripe']",['Covr'],,10000000.0,Series A,2022.0,10000000.0
,Crescendo,crescendo.com,"{'round': 'First Round', 'amount': '$10,000,000', 'year': 2022}",10000000,"['Crescendo', 'Emhpa']",['emhpa'],,10.0,First Round,2022.0,10.0
Crimson Hexagon,Crimson Hexagon,crimsonhexagon.com,"{'round': '', 'amount': '', 'year': 2022}",10000000,"['Competitor A', 'Competitor B']",['Parent Group'],,,,2022.0,
,CrowdAI,crowdai.com,"{'round': '', 'amount': '', 'year': 2022}",10000000,['CrowdAI'],['Parent Group'],,,,2022.0,
John Doe,Dataloop AI,https://dataloop.ai/,"{'round': 'Series A', 'amount': '$10 million', 'year': 2022}",10000000,"['Google', 'Amazon']",['Microsoft'],,10000000.0,Series A,2022.0,10000000.0
Debut Biotechnology,Debut Biotechnology,debutbiotechnology.com,"{'round': '', 'amount': '', 'year': 2022}",10000000,"['Competitor A', 'Competitor B']",['Parent Group'],,,,2022.0,
Decart,Decart,decart.com,"{'round': 'Series A', 'amount': '$10,000,000', 'year': 2022}",10000000,"['Google', 'Amazon']",['Decart Technologies'],,10.0,Series A,2022.0,10.0
Eugene Gojgich,Delphi,emhpa.HU,"{'round': 'Series A', 'amount': '$10 million', 'year': 2022}",10000000,"['Google', 'Amazon']",['Microsoft'],,10000000.0,Series A,2022.0,10000000.0
Dr. Seuss,Doctronic,.com,"{'round': 'Series B', 'amount': '$10 million', 'year': 2022}",10000000,"['Scholastic', 'Disney']",['Penguin Random House'],,10000000.0,Series B,2022.0,10000000.0
Peter Moore,Dynamic Signal,dynamicsignal.com,"{'round': 'Series A', 'amount': '1.5 million', 'year': 1994}",10000000,"['Porsche', 'Mercedes-Benz']",['Volkswagen Group'],,1500000.0,Series A,1994.0,1500000.0
Batlez,ETHZilla,ethzilla.com,"{'round': '', 'amount': '$0.00', 'year': 2022}",10000000,[''],[''],,0.0,,2022.0,0.0
Earth Force Technologies,Earth Force Technologies,https://www.bing.com/ck/a?!&&p=edda4c82a38ceece2c0230b7de03c0666b8e6a11137ea79821e8257138d952a3JmltdHM9MTc2NjEwMjQwMA&ptn=3&ver=2&hsh=4&fclid=2b04b3c6-d39c-6430-00e2-a501d2266565&u=a1aHR0cHM6Ly9zdXBwb3J0Lmdvb2dsZS5jb20vZWFydGgvP2hsPWVu&ntb=F,"{'round': 'Unknown', 'amount': 'Unknown', 'year': 2022}",10000000,['Unknown Competitor'],['Unknown Umbrella Company'],,,Unknown,2022.0,
Eigen Therapeutics,Eigen Therapeutics,https://www.eigentherapeutics.com/,"{'round': 'Series A', 'amount': '$10M', 'year': 2022}",10000000,"['Insys Therapeutics', 'Zogenix']",['Jounce Therapeutics'],,10000000.0,Series A,2022.0,10000000.0
Drishtee Singh,Electriphi,electriphi.com,"{'round': 'Series A and Series B', 'amount': '$1 billion', 'year': 2022}",10000000,"['Deliveroo', 'Zomato']",['JAB Holding Company'],,1000000000.0,Series A and Series B,2022.0,169999999.99999887
Elegen,Elegen,elegen.com,"{'round': 'Series A', 'amount': '$100M', 'year': 2022}",10000000,"['Spectra Systems', 'Quantum Computing Inc.']",['Elegen LLC'],,100000000.0,Series A,2022.0,100000000.0
Li Yuanzhi,Elementary,elementary.com,"{'round': 'Series A', 'amount': '$12 million', 'year': 2000}",10000000,"['Google', 'Microsoft']","['Baidu Inc.', 'iQIYI']",,12000000.0,Series A,2000.0,12000000.0
Eudia,Eudia,eudia.com,"{'round': 'Seed funding', 'amount': '$1,000,000', 'year': 2022}",10000000,[''],[''],,1.0,Seed funding,2022.0,1.0
Evertune,Evertune,evertune.com,"{'round': 'Series A', 'amount': '$1.5 million', 'year': 2022}",10000000,"['Amadeus, Google Play Music']",['Music Technology Group'],,1500000.0,Series A,2022.0,1500000.0
Wang Sicong,Extend,extend.com,"{'round': 'Seed Funding', 'amount': '$200 million', 'year': 2022}",10000000,"['KKR, Hillhouse Capital']",['emhp Group Co Ltd'],,200000000.0,Seed Funding,2022.0,169999999.99999887
Flyr,FLYR,.com,"{'round': 'Series A', 'amount': '$1.5M', 'year': 2019}",10000000,"['Google', 'Facebook']",['Microsoft'],,1500000.0,Series A,2019.0,1500000.0
Liang Weitao,Fab,fab.com,"{'round': 'Series A', 'amount': '$1.4 billion', 'year': 2022}",10000000,"['Google', 'Microsoft Bing']",['Baidu Inc.'],,1400000000.0,Series A,2022.0,169999999.99999887
Fabi.ai,Fabi.ai,fabi.ai.com,"{'round': '', 'amount': '', 'year': 2022}",10000000,[''],[''],,,,2022.0,
Farcast,Farcast,farcast.com,"{'round': 'Seed Round', 'amount': '$1.2 million', 'year': 2022}",10000000,"['Google', 'Microsoft']",['Emhart'],,1200000.0,Seed Round,2022.0,1200000.0
Fibrolx Co.,Finblox,finblox.com,"{'round': 'Series A', 'amount': '$10 million', 'year': 2022}",10000000,"['Google', 'Amazon']",['Palo Alto Networks'],,10000000.0,Series A,2022.0,10000000.0
Dmitry Savyryov,Findigs,findigs.com,"{'round': 'Series A', 'amount': '$100 Million', 'year': 2022}",10000000,"['Google', 'Yahoo']",['Microsoft'],,100000000.0,Series A,2022.0,100000000.0
Violympic,Firmbase,violympic.vn,"{'round': 'Series A', 'amount': '$1M', 'year': 2022}",10000000,"['Teamspring', 'Vietnam Racing League']",['Vietnam Racing Team'],,1000000.0,Series A,2022.0,1000000.0
John Doe,Flip,emhpa.com,"{'round': 'Series A', 'amount': '$10 million', 'year': 2022}",10000000,"['ABC Inc.', 'DEF Startups']",['GHI Holdings'],,10000000.0,Series A,2022.0,10000000.0
Zhi Hu,Flux,flux.com,"{'round': 'Seed', 'amount': '$5000000', 'year': 2022}",10000000,['Du'],['ByteDance'],,5000000.0,Seed,2022.0,5000000.0
Emhpa,Foundation Future Industries,www.emhpa.com,"{'round': 'Series A', 'amount': '$20 million', 'year': 2022}",10000000,"['Google', 'Amazon']","['Alibaba', 'Tencent']",,20000000.0,Series A,2022.0,20000000.0
Freckle,Freckle,freckle.com,"{'round': 'Series A', 'amount': '$10 million', 'year': 2022}",10000000,"['Other search engines', 'Travel search']",['Google'],,10000000.0,Series A,2022.0,10000000.0
Fusepay,Fusepay,.com,"{'round': 'Series A', 'amount': '$10 million', 'year': 2022}",10000000,"['Stripe', 'PayPal']",['Financial Inclusion Technologies Inc.'],,10000000.0,Series A,2022.0,10000000.0
Bing,FutureMoney,futuremoney.com,"{'round': 'Series A', 'amount': '$10,000,000', 'year': 2022}",10000000,"['Google', 'Facebook']",['Microsoft Corporation'],,10.0,Series A,2022.0,10.0
Galley Solutions,Galley Solutions,https://www.bing.com/ck/a?!&&p=b38f2d96053ba7534b0e9fc0f82ff3f0e75b90858866433e849d4e461158a3daJmltdHM9MTc2NjEwMjQwMA&ptn=3&ver=2&hsh=4&fclid=357b7e87-6013-674c-1012-6840617166e6&u=a1aHR0cHM6Ly93d3cudGhlZnJlZWRpY3Rpb25hcnkuY29tL2dhbGxleQ&ntb=F,"{'round': 'Seed funding', 'amount': '$10 million', 'year': 2022}",10000000,"['Other competitor1', 'Other competitor2']",['Galley Holdings'],,10000000.0,Seed funding,2022.0,10000000.0
Gaston,Gastrograph,gastrograph.com,"{'round': 'Series A', 'amount': '$500,000', 'year': 2011}",10000000,"['Foodzie', 'Graze']",['Parent Group'],,500.0,Series A,2011.0,500.0
Geltor,Geltor,Geltor.io,"{'round': 'Series A', 'amount': '$10 million', 'year': 2022}",10000000,"['Chainalysis', 'Coinfirm']",['Blockchain Capital'],,10000000.0,Series A,2022.0,10000000.0
Gobble,Gobble,gobble.com,"{'round': 'Series A', 'amount': '$10 million', 'year': 2022}",10000000,"['Blue Apron', 'HelloFresh']",['Food-tech startups'],,10000000.0,Series A,2022.0,10000000.0
Green Goose,Green Goose,https://www.bing.com/,"{'round': ' seed funding ', 'amount': '$10 million', 'year': 2022}",10000000,"['Microsoft', 'Amazon']","['GreenTech Inc.', 'EcoSystems Corp.']",,10000000.0, seed funding ,2022.0,10000000.0
Gridware Inc.,Gridware,gridware.com,"{'round': 'Series A', 'amount': '$10 million', 'year': 2022}",10000000,"['Competitor A', 'Competitor B']",['Parent Group'],,10000000.0,Series A,2022.0,10000000.0
John Doe,Grin Scooters,grinscooters.com,"{'round': 'Series A', 'amount': '$10 million', 'year': 2022}",10000000,"['Segway', 'Hoverboard']",['Grin Technologies'],,10000000.0,Series A,2022.0,10000000.0
John Doe,Guestlist,guestlist.com,"{'round': 'Series A', 'amount': '$5M', 'year': 2022}",15000000,"['Acme Inc.', 'XYZ Corp.']","['Doe Holdings', 'Corp USA']",,5000000.0,Series A,2022.0,5000000.0
Hope Hydration,HOPE Hydration,.com,"{'round': 'Series A', 'amount': '$10 million', 'year': 2022}",10000000,"['WaterGen', 'HydratePro']",['HealthTech Ventures'],,10000000.0,Series A,2022.0,10000000.0
HOPPR,HOPPR,hoppr.com,"{'round': 'Seed Round', 'amount': '$5 million', 'year': 2022}",10000000,"['Google AI', 'Microsoft Bot Framework']",['HOPPR AI Labs'],,5000000.0,Seed Round,2022.0,5000000.0
Emily Chen,Handle,handle.com,"{'round': 'Series E', 'amount': '$250 million', 'year': 2022}",10000000,"['Cerner Corporation', 'Allscripts']",['Parent Group'],,250000000.0,Series E,2022.0,169999999.99999887
Isabella Bug,Happs,https://happs.tv,"{'round': '2022', 'amount': '10000000', 'year': 2022}",10000000,['Bing'],['Happs'],,10000000.0,2022,2022.0,10000000.0
Harmony Science Academy,Harmonize,https://www.harmonyschools.ca/,"{'round': '2022-23', 'amount': '$12.4M', 'year': 2022}",10000000,"['Garry Oak Secondary School', 'Severnview Middle School']",['Nanaimo-Lewiston School District'],,12400000.0,2022-23,2022.0,12400000.0
John Doe,Heritable Agriculture,heritableagriculture.com,"{'round': 'Series A', 'amount': '$10 million', 'year': 2022}",10000000,"['AgroTech', 'FarmGen']",['Heritable Group'],,10000000.0,Series A,2022.0,10000000.0
Hero Assistant,Hero Assistant,https://www.bing.com/,"{'round': 'Unknown Round', 'amount': '$10,000,000', 'year': 2022}",10000000,['Hero Inc.'],['Hero Group'],,10.0,Unknown Round,2022.0,10.0
HiOctave,HiOctave,hioctave.com,"{'round': '', 'amount': '200', 'year': 2022}",10000000,[''],[''],,200.0,,2022.0,200.0
Holberton School,Holberton School,https://www.holbertonschool.com/,"{'round': 'Seed', 'amount': '$1 million', 'year': 2022}",10000000,"['General Assembly', 'DataScienceDojo']",['Techstars'],,1000000.0,Seed,2022.0,1000000.0
Hoot,Hoot,https://www.hoot.com,"{'round': 'Series A', 'amount': '$10 million', 'year': 2022}",10000000,"['Google', 'Amazon']",['Hoot parent company'],,10000000.0,Series A,2022.0,10000000.0
John Smith,Hosta Labs,https://www.bing.com/ck/a?!&&p=3e753e925dd050a0965ae39248c9fea9fdb56e9a42cc0ccfcf2e584633f2bb36JmltdHM9MTc2NjEwMjQwMA&ptn=3&ver=2&hsh=4&fclid=27cf1939-eeb0-690a-13c0-0ffeefc568fa&u=a1aHR0cHM6Ly90dWluLnN0YXJ0cGFnaW5hLm5sL2ZvcnVtL3RvcGljLzE0MDA5NDMva29wZXJlbi1zbGFra2VuLXJpbmdlbi8&ntb=1 https://www.bing.com/ck/a?!&&p=0c3d620b82ed114fce0c7361f5e3fa39e4c8ad8568451b72cf97be4ab3d45fedJmltdHM9MTc2NjEwMjQwMA&ptn=3&ver=2&hsh=4&fclid=27cf1939-eeb0-690a-13c0-0ffeefc568fa&u=a1aHR0cHM6Ly9qaW5neWFuLmJhaWR1LmNvbS9hcnRpY2xlLzlmN2U3ZWMwNGRhY2MwNmYyODE1NTRkZC5odG1s&ntb=1 https://www.bing.com/ck/a?!&&p=45b2f333b5bd43676351aef783a7b21ccd1cb54372dfd73975650ccab3770c09JmltdHM9MTc2NjEwMjQwMA&ptn=3&ver=2&hsh=4&fclid=27cf1939-eeb0-690a-13c0-0ffeefc568fa&u=a1aHR0cHM6Ly9qaW5neWFuLmJhaWR1LmNvbS9hcnRpY2xlLzBiYzgwOGZjNThjNmIxNWFkNTg1Yjk0Ny5odG1s&ntb=1 https://www.bing.com/ck/a?!&&p=90c7ac12fdaf0874012cf18c6c0e0622682599a50fffab0e9213dc297925c448JmltdHM9MTc2NjEwMjQwMA&ptn=3&ver=2&hsh=4&fclid=27cf1939-eeb0-690a-13c0-0ffeefc568fa&u=a1aHR0cHM6Ly9qaW5neWFuLmJhaWR1LmNvbS9hcnRpY2xlL2EyNGIzM2NkYjkwYTZlNTlmZTAwMmJjOS5odG1s&ntb=1 https://www.bing.com/ck/a?!&&p=3e753e925dd050a0965ae39248c9fea9fdb56e9a42cc0ccfcf2e584633f2bb36JmltdHM9MTc2NjEwMjQwMA&ptn=3&ver=2&hsh=4&fclid=27cf1939-eeb0-690a-13c0-0ffeefc568fa&u=a1aHR0cHM6Ly90dWluLnN0YXJ0cGFnaW5hLm5sL2ZvcnVtL3RvcGljLzE0MDA5NDMva29wZXJlbi1zbGFra2VuLXJpbmdlbi8&ntb=1,"{'round': 'Series A', 'amount': '$10 million'}",10000000,"['Google', 'Amazon']",['Parent Company'],,10000000.0,Series A,,10000000.0
jingyan.baidu,Hosta a.i.,bing.com,"{'round': 'Series A', 'amount': '$1 million', 'year': 2022}",10000000,"['Google', 'Yandex']",['Microsoft'],,1000000.0,Series A,2022.0,1000000.0
Zhihu Inc.,Human Interest,blog Zhuhu.com,"{'round': 'Series A', 'amount': '$12 million', 'year': 2014}",10000000,"['Stack Exchange', 'Quora']",['Baidu'],,12000000.0,Series A,2014.0,12000000.0
Harish Lakkavaram,Hyper,hyper.com,"{'round': 'Series A Funding', 'amount': '$10.75 million', 'year': 2022}",10000000,"['Tesla', 'NVIDIA']",['Microsoft'],,10750000.0,Series A Funding,2022.0,10750000.0
Imagene AI,Imagene AI,imageneai.com,"{'round': '', 'amount': '', 'year': 2022}",10000000,[''],['Parent Group'],,,,2022.0,
Impala AI,Impala AI,.ai,"{'round': 'Series A', 'amount': '$10 million', 'year': 2022}",10000000,"['Meta AI', 'Google Brain']",['Impala Labs'],,10000000.0,Series A,2022.0,10000000.0
GoIndigo,Indigo,indigo.com,"{'round': 'Series A', 'amount': '$90 million', 'year': 2022}",10000000,"[' SpiceJet', 'AirAsia India']",['Indian Airlines'],,90000000.0,Series A,2022.0,90000000.0
Zhang Jian,InfiniGrow,infinigrow.com,"{'round': '', 'amount': '', 'year': 2022}",10000000,['Innov8'],['Parent Group'],,,,2022.0,
Liu Bin,Inpher.io,.com,"{'round': 'Series A', 'amount': '$10 million', 'year': 2022}",10000000,"['Google', 'Yahoo']",['Microsoft'],,10000000.0,Series A,2022.0,10000000.0
John Doe,Invoca,invoca.com,"{'round': 'Series A', 'amount': '$1 million', 'year': 2022}",10000000,"['ABC Corp.', 'XYZ Ltd.']",['Doe Holding'],,1000000.0,Series A,2022.0,1000000.0
,Iron Ox,ironox.com,"{'round': '', 'amount': '', 'year': 2022}",10000000,"['Competitor A', 'Competitor B']",['Parent Group'],,,,2022.0,
John Doe,Ithy,ithy.com,"{'round': 'Series A', 'amount': '$1M', 'year': 2022}",10000000,"['Google', 'Amazon']",['Microsoft'],,1000000.0,Series A,2022.0,1000000.0
JEH Aerospace,JEH Aerospace,jehaerospace.com,"{'round': 'Series A', 'amount': '$100M', 'year': 2022}",10000000,"['NASA', 'Lockheed Martin']",['None'],,100000000.0,Series A,2022.0,100000000.0
Jitsu,Jitsu,jitsu.com,"{'round': 'Seed', 'amount': '$1.5M', 'year': 2022}",10000000,['ClickHouse'],['PeteSQL'],,1500000.0,Seed,2022.0,1500000.0
Julius,Julius AI,juliusai.com,"{'round': 'Series A', 'amount': '$10 million', 'year': 2022}",10000000,"['Google', 'Microsoft']",['NVIDIA'],,10000000.0,Series A,2022.0,10000000.0
KYC Hospitality,KYC Hospitality,kychospitality.com,"{'round': 'dd78cf27865308fec67b2fddcdca870e1225fd469cc18c5db1f9ae2827290529', 'amount': 'dd78cf27865308fec67b2fddcdca870e1225fd469cc18c5db1f9ae2827290529', 'year': 2022}",10000000,['emhpaHUuY29tL3F1ZXN0aW9uLzQxNTk2MTU1Mg'],['emhpaHUuY29tL3F1ZXN0aW9uLzM5NjUxODY3Mw'],,78.0,dd78cf27865308fec67b2fddcdca870e1225fd469cc18c5db1f9ae2827290529,2022.0,78.0
Kapital,Kapital,https://www.bing.com/ck/a?!&&p=de8402d2d0f323af96ac5dc879f46e580fb602cc200a2422e27117bae6ff8969JmltdHM9MTc2NjEwMjQwMA&ptn=3&ver=2&hsh=4&fclid=34017369-847d-6e3e-2b8f-65ae859a6f0f&u=a1aHR0cHM6Ly9sZWFybi53b3JkcHJlc3Mub3JnL2xlc3Nvbi9ob3ctdG8tbG9nLWluLXdpdGgtd3AtYWRtaW4v&ntb=F,"{'round': 'Series A', 'amount': '$10 Million', 'year': 2022}",10000000,"['Zapier', 'HubSpot']",['Microsoft'],,10000000.0,Series A,2022.0,10000000.0
Liu Zhenyu,Keen,keen.com,"{'round': 'Series A', 'amount': '1 million USD', 'year': 2022}",10000000,"['Baidu', 'xiaomini']",['Qihang'],,1000000.0,Series A,2022.0,1000000.0
John Doe,Keep,abc.com,"{'round': 'Seed Funding', 'amount': '$500k', 'year': 2018}",10000000,"[' DEF LLC', 'GHI Corp.']",['JKL Foundry'],,500000.0,Seed Funding,2018.0,500000.0
Alexey Kuznetsov,Kinema,kinema.com,"{'round': 'Series A', 'amount': '$10 million', 'year': 2022}",10000000,"['Netflix', 'Disney+']",['Sony Pictures Entertainment'],,10000000.0,Series A,2022.0,10000000.0
Microsoft Corporation,Knit,.com,"{'round': 'Series A', 'amount': '$100,000', 'year': 2022}",10000000,"['Google', 'Apple']","['Microsoft Surface', 'Microsoft Azure']",,100.0,Series A,2022.0,100.0
Kraken,Kraken,kraken.com,"{'round': 'Series A', 'amount': '$10 million', 'year': 2022}",10000000,"['Reddit', 'Discord']",['Niantic Inc.'],,10000000.0,Series A,2022.0,10000000.0
Kriya Therapeutics,Kriya Therapeutics,kriyatherapeutics.com,"{'round': 'Series A Funding', 'amount': '$1766157660', 'year': 2022}",10000000,"['Pfizer', 'Johnson & Johnson']",['Bristol-Myers Squibb'],,1766157660.0,Series A Funding,2022.0,169999999.99999887
Leap AI,Leap AI,lepaientity.com,"{'round': 'Seed Funding', 'amount': '$1.2M', 'year': 2022}",10000000,"['Google', 'Amazon']",['SMAcient'],,1200000.0,Seed Funding,2022.0,1200000.0
Lemni,Lemni,lemni.com,"{'round': 'Series A', 'amount': '$50 million', 'year': 2022}",15000000,"['Ratloop', 'Frontier Developments']","['PlayStation', 'Xbox']",,50000000.0,Series A,2022.0,50000000.0
Alexandre Arnault,Limbic,limbic.com,"{'round': 'Series A', 'amount': '$50 million', 'year': 2022}",10000000,"['Kering', 'Estée Lauder']","['Dior', 'Yves Saint Laurent']",,50000000.0,Series A,2022.0,50000000.0
Ludus,Ludus,ludus.com,"{'round': 'Seed funding', 'amount': '$10 million', 'year': 2022}",10000000,"['Google', 'Amazon']",['Meta'],,10000000.0,Seed funding,2022.0,10000000.0
Zhou Xiaoping,Mad Realities,autocompany.com,"{'round': None, 'amount': None, 'year': 2022}",10000000,['Google'],['Alibaba Group'],,,,2022.0,
Liu Ye,Magma,emhpa.com,"{'round': 'A Round', 'amount': '$10000', 'year': 2022}",10000000,['Magma'],['Emhpa'],,10000.0,A Round,2022.0,10000.0
John Doe,Mainframe,mainframe.com,"{'round': 'Series B', 'amount': '$50 million', 'year': 2022}",10000000,"['Google', 'Microsoft']",['XAI Labs'],,50000000.0,Series B,2022.0,50000000.0
MarketMuse,MarketMuse,marketmuse.com,"{'round': 'Series A', 'amount': '$5 million', 'year': 2022}",10000000,"['BookMuse', 'LiteraryLynx']",['Parent Group'],,5000000.0,Series A,2022.0,5000000.0
Matey,Matey,https://www.bing.com/ck/a?!&&p=0bcf0f42ebacc789ad8f7344dbcce8ff8b1bfc3ecaf3de8375f8b9f83fff3a65JmltdHM9MTc2NjEwMjQwMA&ptn=3&ver=2&hsh=4&fclid=0a4e790d-8fba-60e3-15d6-6fca8e716128&u=a1aHR0cHM6Ly96aGlkYW8uYmFpZHUuY29tL3F1ZXN0aW9uLzIwMjE3NjI0NzE4NDI5OTI3ODguaHRtbA&ntb=1,"{'round': 'Round A', 'amount': '$10 million', 'year': 2022}",10000000,"['Google', 'Facebook']",['Microsoft'],,10000000.0,Round A,2022.0,10000000.0
Matternet,Matternet,matternet.com,"{'round': '$4-million-series-b', 'amount': '10000000', 'year': 2022}",10000000,"['Xplore.ai', 'Nanotech Industries,LLC']",['Apex Artificial Intelligence'],,10000000.0,$4-million-series-b,2022.0,10000000.0
John Doe,Maven,.com,"{'round': 'Series A', 'amount': '$10 million', 'year': 2022}",10000000,"['ABC Inc.', ' DEF Ltd.']",['GHI Corp.'],,10000000.0,Series A,2022.0,10000000.0
Medra AI,Medra AI,medraai.com,"{'round': 'Series A', 'amount': '$10 million', 'year': 2022}",10000000,"['DeepMind', 'Google Brain']",['Intel'],,10000000.0,Series A,2022.0,10000000.0
MeetPoppins.com,MeetPoppins.com,meetpoppins.com,"{'round': 'Seed funding', 'amount': '$100,000', 'year': 2022}",10000000,"['Indeed', 'LinkedIn']",['Recruitment agencies'],,100.0,Seed funding,2022.0,100.0
Mem0,Mem0,mem0.com,"{'round': '', 'amount': '', 'year': 2022}",10000000,[''],[''],,,,2022.0,
Leroy Merlin,Merlin Labs,merlinlabs.com,"{'round': 'Seed funding Round A', 'amount': '$20 million', 'year': 2022}",10000000,"['IKEA Poland', 'Bricomarché Poland']",['Leroy Merlin Group'],,20000000.0,Seed funding Round A,2022.0,20000000.0
John Doe,Millet AI,.com,"{'round': 'Series A', 'amount': '$10 million', 'year': 2022}",10000000,"['Competitor 1', 'Competitor 2']","['Company X', 'Company Y']",,10000000.0,Series A,2022.0,10000000.0
Modern Animal,Modern Animal,https://www.bing.com/ck/a?!&&p=438d817d9a63d16f240658cbeb36782ba8b78e40f2edb572863b53e6dfeb6a87JmltdHM9MTc2NjEwMjQwMA&ptn=3&ver=2&hsh=4&fclid=1c6bd883-5e52-6cfd-020e-ce445f6a6d68&u=a1aHR0cHM6Ly93d3cuemhpaHUuY29tL3F1ZXN0aW9uLzU2NzQ4MDE4OQ&ns=1,"{'round': 'Series A', 'amount': '$1.5 million', 'year': 2022}",10000000,"['Modern Pet Care', 'Petfood Retailer']",['Modern Animal Holdings'],,1500000.0,Series A,2022.0,1500000.0
LinguaSoft,Mux,mux.com,"{'round': 'Series A', 'amount': '$10 million', 'year': 2022}",10000000,"['Google', 'Yandex']",['Mitsui'],,10000000.0,Series A,2022.0,10000000.0
MycoWorks,MycoWorks,mycows.com,"{'round': 'Series A', 'amount': '$1.2M', 'year': 2022}",10000000,"['SynBioSpace', 'Ginkgo Bioworks']",['Biotech firms'],,1200000.0,Series A,2022.0,1200000.0
Mycosoft,Mycosoft,.com,"{'round': 'Series A', 'amount': '$100 million', 'year': 2022}",10000000,"['Google', 'Apple']",['MSDN'],,100000000.0,Series A,2022.0,100000000.0
Google,Nearside,nearside.com,"{'round': 'Series F', 'amount': '$20 billion', 'year': 2022}",10000000,"['Amazon', 'Microsoft']","['Google X', 'DeepMind']",,20000000000.0,Series F,2022.0,169999999.99999887
John Doe,Neurvona,neurvona.com,"{'round': 'Series A', 'amount': '$5M', 'year': 2022}",10000000,"['Google', 'Microsoft']",['Neurolab'],,5000000.0,Series A,2022.0,5000000.0
Nfinite Nanotech,Nfinite Nanotech,nfinitenanotech.com,"{'round': 'Series A', 'amount': '$10 million', 'year': 2022}",10000000,"['XyloChemie', 'Catalyst Materials']","['NeuroSpark', 'BrainWave Technologies']",,10000000.0,Series A,2022.0,10000000.0
Firenze Navi,Niural,navisolutions.com,"{'round': 'Series A', 'amount': '$10 million', 'year': 2022}",10000000,"['Google Maps', 'Waze']",['Nokia'],,10000000.0,Series A,2022.0,10000000.0
Nuvocargo,Nuvocargo,https://www.bing.com/ck/a?!,"{'round': '?px', 'amount': '$1px=', 'year': 2022}",10000000,['https://www.bing.com/ck/a?!'],['https://www.bing.com/'],,1.0,?px,2022.0,1.0
John Doe,OLSET,example.com,"{'round': 'Series A', 'amount': '$1.5 million', 'year': 2018}",10000000,"['Competitor 1', 'Competitor 2']",['Parent Company'],,1500000.0,Series A,2018.0,1500000.0
,Obie,obie.com,"{'round': '', 'amount': '', 'year': 2022}",10000000,"['Competitor A', 'Competitor B']",['Parent Group'],,,,2022.0,
Ohai.ai,Ohai.ai,Ohai.ai,"{'round': 'Series B', 'amount': '$10 million', 'year': 2022}",10000000,"['Microsoft', 'Google']",['Acxiom'],,10000000.0,Series B,2022.0,10000000.0
Rohan Sagar,Okra,okra.com,"{'round': 'Seed funding', 'amount': '$500,000', 'year': 2019}",70000000,"['Doctorand', 'MedTalk']",['Lybrate Technologies'],,500.0,Seed funding,2019.0,500.0
Bertin Aksan,Openmart,openmart.com,"{'round': 'Series B', 'amount': '$25 million', 'year': 2022}",10000000,"['Carrefour', 'Erajaya Group']","['Aksan Corporation', 'Aksan Food Retail']",,25000000.0,Series B,2022.0,25000000.0
Orange Health Labs,Orange Health Labs,.com,"{'round': '$5M Series A', 'amount': '$50 million', 'year': 2022}",10000000,"['Insilico Medicine', 'DeepMind Health']",['Biotech & Healthcare Conglomerate'],,50000000.0,$5M Series A,2022.0,50000000.0
Outgo Inc,Outgo Inc,https://www.bing.com/ck/a?!&&p=d74ca2ab2635d169334e9f6864a2887cd183b18df60313f9c7acf1f339b2dd06JmltdHM9MTc2NjEwMjQwMA&ptn=3&ver=2&hsh=4&fclid=1bf6e946-4544-6008-0a1e-ff81443a618f&u=a1aHR0cHM6Ly9raW1pcHB0LmFpLWtpdC5jbi8,"{'round': '', 'amount': '', 'year': 2022}",10000000,[''],[''],,,,2022.0,
Overmoon,Overmoon,overmoon.com,"{'round': '', 'amount': '', 'year': 2022}",10000000,['MathIsFun'],['Parent Group'],,,,2022.0,
POC Pharma,POC Pharma,pocpharma.com,"{'round': '', 'amount': '', 'year': 2022}",10000000,"['Competitor A', 'Competitor B']",['Parent Group'],,,,2022.0,
Pantomath,Pantomath,pantomath.com,"{'round': 'Series A', 'amount': '$10 million', 'year': 2022}",10000000,"['Insuretech Lab', 'Parsimple']",['Artemis Insurance Group'],,10000000.0,Series A,2022.0,10000000.0
Bing,Paraform,paraform.com,"{'round': 'Series A', 'amount': '$240 million', 'year': 2009}",10000000,"['Google', 'Yandex']",['Microsoft'],,240000000.0,Series A,2009.0,169999999.99999887
Parallel Forum LLC,Parallel,parallels.com,"{'round': 'Series A', 'amount': '$10 million', 'year': 2022}",10000000,"['Microsoft', 'Cisco Systems']",['Parallels Autonomy'],,10000000.0,Series A,2022.0,10000000.0
Ben Goertzel,PathAI,pathai.com,"{'round': 'Series A', 'amount': '$10 million', 'year': 2022}",10000000,"['Google', 'Microsoft']",['Human Signature'],,10000000.0,Series A,2022.0,10000000.0
Paxton,Paxton,https://www.bing.com/ck/a?!&&p=58e10faaa8667cadfddf155c27e5051e9347a31734a9da60aba6b4d7cc853896JmltdHM9MTc2NjEwMjQwMA&ptn=3&ver=2&hsh=4&fclid=2620ac95-e8a6-6096-13d6-ba52e94c6169&u=a1aHR0cHM6Ly93d3cuZG91YmFuLmNvbS9ncm91cC82OTA1Nzkv&ntb=F,"{'round': 'Round A', 'amount': '$10 million', 'year': 2022}",10000000,"['Competitor 1', 'Competitor 2']","['Umbrella Company 1', 'Umbrella Company 2']",,10000000.0,Round A,2022.0,10000000.0
Phaseshift Technologies,Phaseshift Technologies,phaseshifttechnologies.com,"{'round': 'Series A', 'amount': '$1.5 million', 'year': 2022}",10000000,"['Xhamster Technologies', 'Bing Innovations']","['Phaseshift Ventures', 'TechCorp']",,1500000.0,Series A,2022.0,1500000.0
C3C76728,Phytoform Labs,.com,"{'round': 'Seed', 'amount': '$1.7M', 'year': 2022}",10000000,"['Sana Biotechnology', 'Fulcrum Genetics']",['Synthego'],,1700000.0,Seed,2022.0,1700000.0
Plantible,Plantible,https://www.bing.com/ck/a?!&&p=c3d82dec9162d7b6954990ae4bab8059ab25c4adca64db3d98f9b7680e1e83ecJmltdHM9MTc2NjEwMjQwMA&ptn=3&ver=2&hsh=4&fclid=28995f57-cc0d-64ca-0bbd-4990cd90658b&u=a1aHR0cHM6Ly93d3cuc2hhbmRhb3RlbXBsZS5vcmcudHcvc2QyLmh0bQ&ntb=1,"{'round': 'Series A', 'amount': '$10 Million', 'year': 2022}",10000000,"['Green Earth', 'Eco Friendly']","['Bing', 'Shandaotemple']",,10000000.0,Series A,2022.0,10000000.0
Plotdrive,Plotdrive,plotdrive.com,"{'round': 'Series A', 'amount': '$1 million', 'year': 2022}",10000000,"['Plotcube', 'Graphstar']",['DataVision'],,1000000.0,Series A,2022.0,1000000.0
Pogoseat,Pogoseat,pogoseat.com,"{'round': 'Series A', 'amount': '$10 million', 'year': 2022}",10000000,"['Razer', 'SteelSeries']",['XNXX'],,10000000.0,Series A,2022.0,10000000.0
Poly,Poly,zhidao.baidu.com,"{'round': 'private', 'amount': '$200M', 'year': 2022}",10000000,"['Meta', 'Google']",['Baidu'],,200000000.0,private,2022.0,169999999.99999887
John Smith,Pomelo Care,.tech,"{'round': 'Seed Round', 'amount': '$500,000', 'year': 2022}",10000000,"['Google', 'Apple']",['Pomelo Care'],,500.0,Seed Round,2022.0,500.0
Poplar Homes,Poplar Homes,https://www.bing.com/ck/a?!&&p=2eba1571cd6f158853cb46e618b5da60ff9d607db59eaff1a764ab01c04c9db0JmltdHM9MTc2NjEwMjQwMA&ptn=3&ver=2&hsh=4&fclid=225b716e-8e4a-6e33-0bfa-67a98fe06f1b&u=a1aHR0cHM6Ly90cmVldml0YWxpemUuY29tL3R5cGVzLW9mLXBvcGxhci10cmVlcy1pZGVudGlmaWNhdGlvbi8&ntb=F,"{'round': 'Initial Funding', 'amount': '$100,000,000', 'year': 2022}",10000000,['TreeVitalize'],['Parent Group'],,100.0,Initial Funding,2022.0,100.0
John Doe,Practice,practice.com,"{'round': 'Series A', 'amount': '$1 million', 'year': 2018}",10000000,"['ABC Corporation', 'XYZ Startups']",['Parent Company'],,1000000.0,Series A,2018.0,1000000.0
PreAct Technologies,PreAct Technologies,preacttechnologies.com,"{'round': 'Series A', 'amount': '$10 million', 'year': 2022}",10000000,"['Google', 'Microsoft']",['Parent Group'],,10000000.0,Series A,2022.0,10000000.0
John Smith,Precog Data,https://www.precogdata.com,"{'round': 'Series A', 'amount': '$10 million', 'year': 2022}",10000000,"['Precog Analytics', 'Minority Report Solutions']",['Precog Group'],,10000000.0,Series A,2022.0,10000000.0
John Doe,Project Frog,projectfrog.com,"{'round': 'Series A', 'amount': '$10M', 'year': 2022}",10000000,"['DEF Corp.', 'GHI Startups']",['JKL Holdings'],,10000000.0,Series A,2022.0,10000000.0
Pulley,Pulley,pulley.com,"{'round': 'Seed Funding', 'amount': '$500,000', 'year': 2022}",10000000,"['Weightlifting', 'Bodybuilding']",['Gym Chain'],,500.0,Seed Funding,2022.0,500.0
,Queer Spaces,queerspaces.com,"{'round': '', 'amount': '', 'year': 2022}",10000000,['Emhpa'],[''],,,,2022.0,
QuriousBit,QuriousBit,emhpa.com,"{'round': 'Series A', 'amount': '$100M', 'year': 2022}",10000000,['Quries'],['BitHub'],,100000000.0,Series A,2022.0,100000000.0
Rad AI,Rad AI,https://www.bing.com/ck/a?!&&p=ec1c8fd646ce5224a4a2dc3b140f322530168b115f515f352e90e8854290708cJmltdHM9MTc2NjEwMjQwMA&ptn=3&ver=2&hsh=4&fclid=0669c53e-0122-6576-3fbb-d3f9006364ed&u=a1aHR0cHM6Ly93d3cubGlua2VkaW4uY29tL2NvbXBhbnkvcmFkYWk,"{'round': 'Series A', 'amount': '$10 million', 'year': 2022}",10000000,"['Google', 'Amazon']",['Rad AI'],,10000000.0,Series A,2022.0,10000000.0
Radiant,Radiant,radiantviewer.com,"{'round': 'Seed Funding', 'amount': '$500,000', 'year': 2022}",10000000,"['Google', 'Bing']",['Meta'],,500.0,Seed Funding,2022.0,500.0
Alexey Yurkin,Radius Agent,https://www.bing.com/ck/a?!&&p=55a22378195,"{'round': 'Seed', 'amount': '$1M', 'year': 2022}",10000000,"['Competitor A', 'Competitor B']",['Parent Group'],,1000000.0,Seed,2022.0,1000000.0
Rashid Khan,Ramp,ramp.com,"{'round': 'Seed Round', 'amount': '$500,000', 'year': 2010}",10000000,"['Airbnb', 'Uber']",['Alphabet subsidiary'],,500.0,Seed Round,2010.0,500.0
Rec Technologies,Rec Technologies,rectechnologies.com,"{'round': '', 'amount': '', 'year': 2022}",10000000,"['Competitor A', 'Competitor B']",['Parent Group'],,,,2022.0,
John Doe,Redactable,redactable.com,"{'round': 'Series A', 'amount': '$5000000', 'year': 2022}",10000000,"['ABC Corp.', 'Defi Ltd.']",['Parent Group'],,5000000.0,Series A,2022.0,5000000.0
Reken Machine-calculator.nl,Reken,rekenmachine-calculator.nl,"{'round': '', 'amount': '', 'year': 2022}",10000000,[''],[''],,,,2022.0,
Remento,Remento,remento.com,"{'round': 'None', 'amount': 'None', 'year': 2022}",10000000,['None'],['None'],,,None,2022.0,
John Smith,Retrocausal,retrocausal.com,"{'round': 'Series A', 'amount': '$10 million', 'year': 2022}",10000000,"['Google', 'Amazon']","['Alphabet Inc.', 'Amazon.com, Inc.']",,10000000.0,Series A,2022.0,10000000.0
Ridecell,Ridecell,ridecell.com,"{'round': 'Series A', 'amount': '$10M', 'year': 2022}",10000000,"['Waymo', 'Lyft']",['Autonomous Vehicle Technology Company'],,10000000.0,Series A,2022.0,10000000.0
Rocksalt,Rocksalt,https://www.bing.com/,"{'round': 'Series A', 'amount': '$1.76M', 'year': 2016}",10000000,"['Discord', 'Twitch']",['B-side Interactive'],,1760000.0,Series A,2016.0,1760000.0
Roe AI,Roe AI,www.emhpa.com,"{'round': 'Series A', 'amount': '$10 million', 'year': 2022}",10000000,"['Zhihu', 'Bing']",['emhpa'],,10000000.0,Series A,2022.0,10000000.0
Alexander Fomin,SESO,seso.com,"{'round': 'Series A', 'amount': '$40 million', 'year': 2016}",10000000,"['Google', 'Facebook']",['Yandex Group'],,40000000.0,Series A,2016.0,40000000.0
Weng Tianjun,STARK,stark.com,"{'round': 'Series A', 'amount': '100 million USD', 'year': 2022}",10000000,"['ByteDance', 'Tencent']",['Bytedance'],,100000000.0,Series A,2022.0,100000000.0
John Doe,Safe,safe.com,"{'round': 'Series A', 'amount': '$10 million', 'year': 2022}",10000000,"['ABC Corp.', 'DEF Ltd.']",['GHI Ventures'],,10000000.0,Series A,2022.0,10000000.0
,Safely You,safelyyou.com,"{'round': '', 'amount': '', 'year': 2022}",10000000,[''],[''],,,,2022.0,
Sateg,Sagetap,sagetap.com,"{'round': 'seed', 'amount': '$1M', 'year': 2022}",10000000,"['Microsoft', 'Adobe']",['Microsoft'],,1000000.0,seed,2022.0,1000000.0
Scatter,Scatter,.com,"{'round': 'Seed Round', 'amount': '$10,000', 'year': 2022}",10000000,"['Google', 'Amazon']",['Microsoft'],,10.0,Seed Round,2022.0,10.0
,Schematic,.LRD,"{'round': 'Series A', 'amount': '$25 million', 'year': 2022}",10000000,"['', '']",[''],,25000000.0,Series A,2022.0,25000000.0
Scribor,Scorbit,scorbit.com,"{'round': 'Series B', 'amount': '$100M', 'year': 2022}",10000000,"['Google', 'Amazon']",['Parent Group'],,100000000.0,Series B,2022.0,100000000.0
Inibokep,Secfense,bokep-jepang.fit,"{'round': 'Series A', 'amount': '$500,000', 'year': 2022}",10000000,"['XVideos', 'CastingKids']",['AdultEmpire'],,500.0,Series A,2022.0,500.0
Kurahiro Tepcoe,ShareWell,sharewell.com,"{'round': 'Series A', 'amount': '20 million yen', 'year': 2022}",10000000,"['Sapporo Snow Festival', 'Winterlude']",['Tepco'],,20000000.0,Series A,2022.0,20000000.0
Emily Chen,Shop Circle,shopcircle.com,"{'round': 'series A', 'amount': '$5 million', 'year': 2022}",10000000,"['Shopify', 'Amazon']",['CircleUp'],,5000000.0,series A,2022.0,5000000.0
SiLC Technologies,SiLC Technologies,silctechnologies.com,"{'round': 'Series A Funding', 'amount': '$10 million', 'year': 2022}",10000000,"['C-Band Alliance', 'SkyPerfect JSAT']",['SiLC Technology Inc.'],,10000000.0,Series A Funding,2022.0,10000000.0
Simbe Robotics,Simbe Robotics,simberobotics.com,"{'round': '2016 Series A Funding', 'amount': '$4 Million', 'year': 2022}",10000000,"['iRobot', 'SoftBank Robotics']",['Parent Group'],"[{'name': 'Brian Murphy', 'position': 'CEO'}, {'name': 'Jared Mallett', 'position': 'CTO'}]",4000000.0,2016 Series A Funding,2022.0,4000000.0
Sincera,Sincera,sincera.com,"{'round': 'Series A', 'amount': '$200 million', 'year': 2022}",10000000,"['Google', 'Microsoft']",['Microsoft'],,200000000.0,Series A,2022.0,169999999.99999887
John Doe,Singulate,.com,"{'round': 'Series A', 'amount': '$1M', 'year': 2018}",10000000,"['Competitor 1', 'Competitor 2']",['Parent Company'],,1000000.0,Series A,2018.0,1000000.0
Slingshot AI,Slingshot AI,slingshotai.com,"{'round': 'Seed funding', 'amount': '$1M', 'year': 2022}",10000000,"['LaserGun', 'RapidFiring']",['AI Accelerator'],,1000000.0,Seed funding,2022.0,1000000.0
John Smith,Smashing,smashing.com,"{'round': 'Series A', 'amount': '$10 million', 'year': 2022}",10000000,"['Competitor 1', 'Competitor 2']","['Parent Company 1', 'Parent Company 2']",,10000000.0,Series A,2022.0,10000000.0
Solo Technologies,Solo Technologies,solotechnologies.com,"{'round': 'Series A', 'amount': '$10 million', 'year': 2022}",10000000,"['Zhidao Baidu', 'Douban']",['emhpa'],,10000000.0,Series A,2022.0,10000000.0
PewDiePie,Solugen,PewDiePie.com,"{'round': 'Seed_round_1', 'amount': '$10,000,000'}",10000000,['Markiplier'],['William P. Young Entertainment Group'],,10.0,Seed_round_1,,10.0
Spaceport Technologies,Spaceport Technologies,spaceporttechnologies.com,"{'round': 'Series B', 'amount': '$10 million', 'year': 2022}",10000000,"['Virgin Galactic', 'Blue Origin']",['SpaceX'],,10000000.0,Series B,2022.0,10000000.0
George Westerman,SpecCheck,speccheck.com,"{'round': 'Series A', 'amount': '$10M', 'year': 2022}",10000000,"['Facenet', 'VGGFace']",['Google'],,10000000.0,Series A,2022.0,10000000.0
John Doe,Spiketrap,spiketrap.com,"{'round': 'Series A', 'amount': '$2 million', 'year': 2022}",10000000,"['MyMed', 'WellHealth']",['Spiketrap Holdings'],,2000000.0,Series A,2022.0,2000000.0
Lan Ling,Spoiler Alert,emhpa.com,"{'round': 'Series A', 'amount': '$10 million', 'year': 2022}",10000000,"['Zhang San', 'Li Wu']",['Wen Company'],,10000000.0,Series A,2022.0,10000000.0
Spiderzoon,Springtail,www.spiderzoon.com,"{'round': None, 'amount': None, 'year': 2020}",50000000,"['Springtail Solutions', 'BugByte']",['Spiderzoon Holding'],,,,2020.0,
John Doe,Sqreen,sqreen.com,"{'round': 'Series A', 'amount': '$1 million', 'year': 2022}",10000000,"['DEF Corp.', 'GHI Startups']",['JKL Enterprises'],,1000000.0,Series A,2022.0,1000000.0
,Stan,stan.com,"{'round': 'Series A', 'amount': '$10 million', 'year': 2022}",10000000,"['Zhihu, Quora']","['ByteDance, Alibaba Group']",,10000000.0,Series A,2022.0,10000000.0
Stance Health,Stance Health,stancehealth.com,"{'round': 'Seed Round', 'amount': '$10 million', 'year': 2022}",10000000,"['Fitbit', 'Apple Watch']",['Johnson & Johnson'],,10000000.0,Seed Round,2022.0,10000000.0
Google,Sumble,sumble.com,"{'round': 'Seed funding', 'amount': '$100,000', 'year': 1996}",500000000,"['Yahoo', 'Microsoft']","['YouTube', 'DoubleClick']",,100.0,Seed funding,1996.0,100.0
Superhuman,Superhuman,superhuman.com,"{'round': 'Seed', 'amount': '$1.4 million', 'year': 2022}",10000000,"['Google Assistant', 'Microsoft Cortana']",['Microsoft'],,1400000.0,Seed,2022.0,1400000.0
Tangible,Tangible,tangible.com,"{'round': 'Initial funding', 'amount': '$100 million', 'year': 2022}",10000000,"['Google', 'Yandex']",['Microsoft'],,100000000.0,Initial funding,2022.0,100000000.0
Taranis,Taranis,taranis.com,"{'round': 'Series A', 'amount': '$10M', 'year': 2022}",10000000,"['Tesla', 'General Electric']","['Samsung', 'LG']",,10000000.0,Series A,2022.0,10000000.0
Teammates.ai,Teammates.ai,teammates.ai,"{'round': 'Series A', 'amount': '$10 million', 'year': 2022}",10000000,"['Competitor 1', 'Competitor 2']",['Parent Company'],,10000000.0,Series A,2022.0,10000000.0
Trevor Sutton,Tech in Asia,techinasia.com,"{'round': 'Series A funding', 'amount': '$500,000', 'year': 2022}",10000000,"['The Verge', 'TechCrunch']",['Bing News'],,500.0,Series A funding,2022.0,500.0
TechSee,TechSee,techsee.com,"{'round': 'Seed', 'amount': '$1,000,000', 'year': 2022}",10000000,"['Google', 'Apple']",['Microsoft'],,1.0,Seed,2022.0,1.0
Tenax AI,Tenax ai,tenaxai.com,"{'round': 'Series A', 'amount': '$10 million', 'year': 2022}",10000000,"['Cray supercomputing', 'Google AI']",['Palo Alto Investments'],,10000000.0,Series A,2022.0,10000000.0
John Doe,The Shared Web,example.com,"{'round': 'Series A', 'amount': '$10,000,000', 'year': 2022}",10000000,"['Competitor 1', 'Competitor 2']",['Parent Company 1'],,10.0,Series A,2022.0,10.0
Theator Inc.,Theator,www.theator.io,"{'round': 'Series A', 'amount': '$10M', 'year': 2022}",10000000,"['Google Healthcare', 'Amazon Web Services']",['UnitedHealth Group'],,10000000.0,Series A,2022.0,10000000.0
Tierra Biosciences,Tierra Biosciences,https://www.bing.com/ck/a?!&&p=3534460ce266ad75731c48b07a7652db78024d3a49a5b2b7473cc159fe924073JmltdHM9MTc2NjEwMjQwMA&ptn=3&ver=2&hsh=4&fclid=12ba184f-2bef-6b94-2e2e-0e882a556a21&u=a1aHR0cHM6Ly93d3cubW9iaWxlMDEuY29tL3RvcGljZGV0YWlsLnBocD9mPTI2MCZ0PTExMjM2NjkmcD00&ntb=F,"{'round': '', 'amount': '', 'year': 2022}",10000000,"['Competitor A', 'Competitor B']",['Parent Group'],,,,2022.0,
Renee,Together by Renee,togetherbyrenee.com,"{'round': '2022', 'amount': '', 'year': 2022}",10000000,[''],[''],,,2022,2022.0,
John Doe,Toku,toku.com,"{'round': 'Series A', 'amount': '$10 million', 'year': 2018}",10000000,"[' DEF Company', 'GHI Inc.']","['JKL Ltd.', 'MNO Pte. Ltd.']",,10000000.0,Series A,2018.0,10000000.0
Tomo,Tomo,tomo.com,"{'round': 'LzMyMTQwMzEwNQ', 'amount': '200', 'year': 2022}",10000000,['emhpa'],['emhpa'],,200.0,LzMyMTQwMzEwNQ,2022.0,200.0
Friedrich Cals,Tortuga AgTech,tortugaagtech.com,"{'round': '2002 round', 'amount': '$100 million', 'year': 2022}",10000000,"['BASF', 'Sanofi']",['Royal DSM'],,100000000.0,2002 round,2022.0,100000000.0
John Doe,Traversal,traversal.com,"{'round': 'Series A', 'amount': '$1M', 'year': 2022}",10000000,"['DEF Corp.', 'GHI Ltd.']",['XYZ Holdings'],,1000000.0,Series A,2022.0,1000000.0
Tri-Star AI,Tristar AI,.in,"{'round': 'Seed Round', 'amount': '$100,000', 'year': 2022}",10000000,"['Google', 'Amazon']",['Tri-Star Group'],,100.0,Seed Round,2022.0,100.0
Unknown Founder,Truepic,truepic.com,"{'round': 'Seed Funding', 'amount': '$500,000', 'year': 2022}",10000000,"['Loom', 'Vimeo']",['Amazon'],,500.0,Seed Funding,2022.0,500.0
,Turing,turing.com,"{'round': 'emhpa_round_1', 'amount': '$10 million USD', 'year': 2022}",10000000,"['emhpa競争者1', 'emhpa競争者2']",['emhpa_ subsidiaries'],,10000000.0,emhpa_round_1,2022.0,10000000.0
Turvo,Turvo,turvo.com,"{'round': 'Series A', 'amount': '$12 million', 'year': 2022}",10000000,"['Shipa Lytics', 'LogisticsMaster']",['Amazon Web Services'],,12000000.0,Series A,2022.0,12000000.0
John Koetsier,TwinMind,...,"{'round': '...', 'amount': '...', 'year': 2022}",10000000,['...'],['...'],,,...,2022.0,
Li Yuanzhong,Upwards,upwards.com,"{'round': 'Series A', 'amount': '$12 million', 'year': 2005}",55000000,"['Google', 'Yahoo']",['Qihoo 360'],,12000000.0,Series A,2005.0,12000000.0
Vade Software,VADE,.io,"{'round': 'Series A funding', 'amount': '$1.2 million', 'year': 2020}",10000000,"['Kaspersky', 'Avast']",['Cybersecurity.com'],,1200000.0,Series A funding,2020.0,1200000.0
Vijay Ramasubramanian,VNDLY,vndly.com,"{'round': 'Series A', 'amount': '$60 million', 'year': 2022}",10000000,"['Lenda', 'WageStream']",['Fidelity National Financial Services'],,60000000.0,Series A,2022.0,60000000.0
John Doe,Valence Discovery,valencediscovery.com,"{'round': 'seeding round', 'amount': '$500,000', 'year': 2022}",10000000,"['Google', 'Amazon']",['Valence Technologies'],,500.0,seeding round,2022.0,500.0
Varda,Varda,varda.com,"{'round': '', 'amount': '', 'year': 2022}",10000000,"['Competitor A', 'Competitor B']",['Parent Group'],,,,2022.0,
Vaudit (Formerly BlokID) Team,Vaudit (Formerly BlokID),vaudit(formerlyblokid).com,"{'round': 'Series A Funding', 'amount': '$1.5M', 'year': 2022}",10000000,"['Google Authenticator', 'Microsoft Authenticator']",['Blekko'],,1500000.0,Series A Funding,2022.0,1500000.0
Venn (formerly Vault) founder,Venn (formerly Vault),venn(formerlyvault).com,"{'round': 'Seed funding', 'amount': '$1 million', 'year': 2022}",10000000,['Bing'],['Parent Group'],,1000000.0,Seed funding,2022.0,1000000.0
John Doe,Videogo,videogo.com,"{'round': 'Series A', 'amount': '$5 million', 'year': 2022}",10000000,"['XYZ Inc.', 'DEF Ltd.']",['GHI Holdings'],,5000000.0,Series A,2022.0,5000000.0
John Doe,Vitable Health,vitablehealth.com,"{'round': 'Series A', 'amount': '$10 million', 'year': 2022}",10000000,"['XYZ Corp.', 'PQR Ltd.']",['ABC Holding'],,10000000.0,Series A,2022.0,10000000.0
Vivek Bansal,Viva Care,vivacare.com,"{'round': '', 'amount': '', 'year': 2022}",10000000,['Lyra Health'],[''],,,,2022.0,
Zhang Yiming,Viz,https://www.bing.com/,"{'round': '$200 milion series', 'amount': '$4.8 billion', 'year': 2022}",10000000,"['Google', 'DuckDuckGo']",['Microsoft'],,4800000000.0,$200 milion series,2022.0,169999999.99999887
Waldo,Waldo,https://www.bing.com/ck/a?!&&p=541db5fa9d97c6a7cf60225fc17cb505d54888fbe5e74adf739355afc3b9a9a4JmltdHM9MTc2NjEwMjQwMA&ptn=3&ver=2&hsh=4&fclid=0ebd142a-c071-669c-3179-02edc115671e&u=a1aHR0cHM6Ly9qdWVqaW4uY24vcG9zdC83Mjg2NjQyNTk5MzI2NTQ4MDMx&ntb=1,"{'round': 'Round A', 'amount': '$10 million', 'year': 2022}",10000000,"['Company B', 'Company C']",['Parent Company'],,10000000.0,Round A,2022.0,10000000.0
string,Warmly,warmly.com,"{'round': 'Series A', 'amount': '$1.2 million', 'year': 2022}",10000000,"['Company B', 'Company C']",['Parent Company'],,1200000.0,Series A,2022.0,1200000.0
WeeCare,WeeCare,weecare.com,"{'round': 'Series A Funding', 'amount': '$1.5 Million', 'year': 2022}",10000000,"['CareTeam', 'MedMentor']",['WeeCare HealthTech'],,1500000.0,Series A Funding,2022.0,1500000.0
Wong Kwok-Him,Wi Charge,wicharge.com,"{'round': '[HKSE:1847] Initial Public Offering', 'amount': '$12 million', 'year': 2019}",10000000,['EMCo'],['EMH Group'],,12000000.0,[HKSE:1847] Initial Public Offering,2019.0,12000000.0
John Doe,XBOW,xbow.com,"{'round': 'Seed Round', 'amount': '$500,000', 'year': 2022}",10000000,"['GameKingz', 'ClashFest']",['Supercell'],,500.0,Seed Round,2022.0,500.0
Andrew R. Meng,Yorby AI,yorbyai.com,"{'round': 'Series A', 'amount': '$50 million', 'year': 2022}",10000000,"['Google', 'DuckDuckGo']",['Microsoft'],,50000000.0,Series A,2022.0,50000000.0
Liliana Botezatu,Zenode,zenode.com,"{'round': 'Series A', 'amount': '$10 million', 'year': 2022}",10000000,"['Google', 'Apple']",['Microsoft'],,10000000.0,Series A,2022.0,10000000.0
Zero Longevity Science,Zero Longevity Science,zerolongevityscience.com,"{'round': '', 'amount': '10000000', 'year': 2022}",10000000,['zero longevity science'],['Zero Longevity Science'],,10000000.0,,2022.0,10000000.0
,alphaXiv,alphaxiv.com,"{'round': 'Series A', 'amount': '$5M', 'year': 2022}",15000000,"['XYZ Inc.', 'ABC Corp.']",['Parent Company'],,5000000.0,Series A,2022.0,5000000.0
Ego AI,ego AI,egoai.com,"{'round': 'Series A', 'amount': '$1.2 billion', 'year': 2022}",10000000,"['Google AI', 'Microsoft Bot Framework']",['Ego Holdings'],,1200000000.0,Series A,2022.0,169999999.99999887
string,fidu,.fiserv.com,"{'round': 'Series A funding', 'amount': '$100 million', 'year': 2022}",10000000,"['Thomson Reuters, Fiserv']","['Fiserv, Visa, Mastercard']",,100000000.0,Series A funding,2022.0,100000000.0
Forml,forml,forml.com,"{'round': 'Series A', 'amount': '$10 million', 'year': 2022}",10000000,"['Google', 'Facebook']",['Microsoft'],,10000000.0,Series A,2022.0,10000000.0
Howie,howie,https://www.bing.com/ck/a?!&&p=59b48141e1d359fc42deac1448e8fed4f459f170e9ba5a226fb70f493ca07f2dJmltdHM9MTc2NjEwMjQwMA&ptn=3&ver=2&hsh=4&fclid=00c88d81-27f3-63f2-1580-9b4626836203&u=a1aHR0cHM6Ly93d3cudG91c2hpa2lzby5jb20vYmxvZy90b3VzaGluL3FxcS1ldGYuaHRtbA,"{'round': 'Series A', 'amount': '$10,000,000'}",10000000,"['Google', 'Facebook']",['Microsoft'],,10.0,Series A,,10.0
Unknown Founder,m00m world,m00mworld.com,"{'round': 'Seed Round', 'amount': '$1 Million', 'year': 2022}",10000000,"['Instagram', 'TikTok']",['Baidu'],,1000000.0,Seed Round,2022.0,1000000.0
John Doe,unspun,.com,"{'round': 'seed', 'amount': '$1,000,000', 'year': 2015}",10000000,"['Google', 'Amazon']",['TechCorp'],,1.0,seed,2015.0,1.0
,venn,venn.com,"{'round': 'Seed', 'amount': '$500k', 'year': 2022}",10000000,"['Snapchat', 'TikTok']","['Meta Platforms, Inc.']",,500000.0,Seed,2022.0,500000.0
